{"type":"Topology","objects":{"nyczipsraw":{"type":"GeometryCollection","geometries":[{"type":"Polygon","arcs":[[0,1,2,3,4],[5]],"properties":{"ZCTA5CE10":"10025","AFFGEOID10":"8600000US10025","GEOID10":"10025","ALAND10":1946729,"AWATER10":0}},{"type":"Polygon","arcs":[[6,7,8,9,10,11]],"properties":{"ZCTA5CE10":"10018","AFFGEOID10":"8600000US10018","GEOID10":"10018","ALAND10":836252,"AWATER10":0}},{"type":"Polygon","arcs":[[12,13,14,15,16,17,18]],"properties":{"ZCTA5CE10":"10006","AFFGEOID10":"8600000US10006","GEOID10":"10006","ALAND10":237286,"AWATER10":0}},{"type":"Polygon","arcs":[[19,20,21,22,23]],"properties":{"ZCTA5CE10":"10029","AFFGEOID10":"8600000US10029","GEOID10":"10029","ALAND10":2102362,"AWATER10":0}},{"type":"Polygon","arcs":[[24,25,26,27]],"properties":{"ZCTA5CE10":"10023","AFFGEOID10":"8600000US10023","GEOID10":"10023","ALAND10":1268944,"AWATER10":0}},{"type":"Polygon","arcs":[[28,29,30,31,32,33]],"properties":{"ZCTA5CE10":"10075","AFFGEOID10":"8600000US10075","GEOID10":"10075","ALAND10":477128,"AWATER10":0}},{"type":"MultiPolygon","arcs":[[[34,35,36]],[[-33,37,-31,38,39,40]]],"properties":{"ZCTA5CE10":"10021","AFFGEOID10":"8600000US10021","GEOID10":"10021","ALAND10":986800,"AWATER10":0}},{"type":"Polygon","arcs":[[41,42,43,44,45]],"properties":{"ZCTA5CE10":"10037","AFFGEOID10":"8600000US10037","GEOID10":"10037","ALAND10":666609,"AWATER10":0}},{"type":"Polygon","arcs":[[46,47,48,49,50]],"properties":{"ZCTA5CE10":"10012","AFFGEOID10":"8600000US10012","GEOID10":"10012","ALAND10":837302,"AWATER10":0}},{"type":"Polygon","arcs":[[-40,51,-35,52,53]],"properties":{"ZCTA5CE10":"10065","AFFGEOID10":"8600000US10065","GEOID10":"10065","ALAND10":984659,"AWATER10":0}},{"type":"Polygon","arcs":[[54,55,56,57,58,59,-53,-37,60,61,62,63,64],[65]],"properties":{"ZCTA5CE10":"10022","AFFGEOID10":"8600000US10022","GEOID10":"10022","ALAND10":1107169,"AWATER10":0}},{"type":"Polygon","arcs":[[66,67,68,69,70,71,-8]],"properties":{"ZCTA5CE10":"10036","AFFGEOID10":"8600000US10036","GEOID10":"10036","ALAND10":1137910,"AWATER10":0}},{"type":"Polygon","arcs":[[-17,72,-15,73,74]],"properties":{"ZCTA5CE10":"10005","AFFGEOID10":"8600000US10005","GEOID10":"10005","ALAND10":188254,"AWATER10":0}},{"type":"Polygon","arcs":[[75,76,77,78,79]],"properties":{"ZCTA5CE10":"10032","AFFGEOID10":"8600000US10032","GEOID10":"10032","ALAND10":1695753,"AWATER10":0}},{"type":"Polygon","arcs":[[80,81,82,-49,83]],"properties":{"ZCTA5CE10":"10003","AFFGEOID10":"8600000US10003","GEOID10":"10003","ALAND10":1493004,"AWATER10":0}},{"type":"Polygon","arcs":[[84]],"properties":{"ZCTA5CE10":"10044","AFFGEOID10":"8600000US10044","GEOID10":"10044","ALAND10":595884,"AWATER10":0}},{"type":"Polygon","arcs":[[85,-50,-83,86,87,88]],"properties":{"ZCTA5CE10":"10002","AFFGEOID10":"8600000US10002","GEOID10":"10002","ALAND10":2275984,"AWATER10":0}},{"type":"Polygon","arcs":[[-11,89,90,-84,-48,91,92]],"properties":{"ZCTA5CE10":"10011","AFFGEOID10":"8600000US10011","GEOID10":"10011","ALAND10":1713461,"AWATER10":0}},{"type":"Polygon","arcs":[[93,94,95,-5,96,-25,97]],"properties":{"ZCTA5CE10":"10024","AFFGEOID10":"8600000US10024","GEOID10":"10024","ALAND10":2222642,"AWATER10":0}},{"type":"MultiPolygon","arcs":[[[98]],[[99,-24,100,101]]],"properties":{"ZCTA5CE10":"10128","AFFGEOID10":"8600000US10128","GEOID10":"10128","ALAND10":1206193,"AWATER10":0}},{"type":"Polygon","arcs":[[102,103,-87,-82]],"properties":{"ZCTA5CE10":"10009","AFFGEOID10":"8600000US10009","GEOID10":"10009","ALAND10":1596810,"AWATER10":0}},{"type":"Polygon","arcs":[[-102,104,-29,105]],"properties":{"ZCTA5CE10":"10028","AFFGEOID10":"8600000US10028","GEOID10":"10028","ALAND10":811363,"AWATER10":0}},{"type":"Polygon","arcs":[[106,107,108,-103,-81,-91]],"properties":{"ZCTA5CE10":"10010","AFFGEOID10":"8600000US10010","GEOID10":"10010","ALAND10":988468,"AWATER10":0}},{"type":"MultiPolygon","arcs":[[[109]],[[110,-45,111,-22,112]]],"properties":{"ZCTA5CE10":"10035","AFFGEOID10":"8600000US10035","GEOID10":"10035","ALAND10":3689135,"AWATER10":0}},{"type":"Polygon","arcs":[[113,-79,114,115,-43,116]],"properties":{"ZCTA5CE10":"10039","AFFGEOID10":"8600000US10039","GEOID10":"10039","ALAND10":1132695,"AWATER10":0}},{"type":"Polygon","arcs":[[-27,117,118,-58,119,-56,120,121,122,123,-67,-7,124]],"properties":{"ZCTA5CE10":"10019","AFFGEOID10":"8600000US10019","GEOID10":"10019","ALAND10":1780742,"AWATER10":0}},{"type":"Polygon","arcs":[[125,-9,126,127,-108]],"properties":{"ZCTA5CE10":"10016","AFFGEOID10":"8600000US10016","GEOID10":"10016","ALAND10":1378161,"AWATER10":0}},{"type":"Polygon","arcs":[[128,-51,-86,129,130,131,132,133]],"properties":{"ZCTA5CE10":"10013","AFFGEOID10":"8600000US10013","GEOID10":"10013","ALAND10":1425085,"AWATER10":0}},{"type":"Polygon","arcs":[[134,135,136,-77,137]],"properties":{"ZCTA5CE10":"10034","AFFGEOID10":"8600000US10034","GEOID10":"10034","ALAND10":2823928,"AWATER10":11193}},{"type":"Polygon","arcs":[[138,-94,139,140,141,-46,-111,142,-2,-1,-96]],"properties":{"ZCTA5CE10":"10027","AFFGEOID10":"8600000US10027","GEOID10":"10027","ALAND10":2250649,"AWATER10":1032}},{"type":"Polygon","arcs":[[-10,-126,-107,-90],[143],[144]],"properties":{"ZCTA5CE10":"10001","AFFGEOID10":"8600000US10001","GEOID10":"10001","ALAND10":1592122,"AWATER10":0}},{"type":"Polygon","arcs":[[145,-136]],"properties":{"ZCTA5CE10":"10040","AFFGEOID10":"8600000US10040","GEOID10":"10040","ALAND10":988492,"AWATER10":0}},{"type":"Polygon","arcs":[[-133,146,-131,147,-13,148],[149]],"properties":{"ZCTA5CE10":"10007","AFFGEOID10":"8600000US10007","GEOID10":"10007","ALAND10":412691,"AWATER10":0}},{"type":"Polygon","arcs":[[-137,-146,-135,150,-115,-78]],"properties":{"ZCTA5CE10":"10033","AFFGEOID10":"8600000US10033","GEOID10":"10033","ALAND10":1544120,"AWATER10":0}},{"type":"Polygon","arcs":[[-148,-130,-89,151,152,-74,-14]],"properties":{"ZCTA5CE10":"10038","AFFGEOID10":"8600000US10038","GEOID10":"10038","ALAND10":776339,"AWATER10":0}},{"type":"Polygon","arcs":[[-80,-114,153,-141,154]],"properties":{"ZCTA5CE10":"10031","AFFGEOID10":"8600000US10031","GEOID10":"10031","ALAND10":1681541,"AWATER10":0}},{"type":"Polygon","arcs":[[-154,-117,-42,-142]],"properties":{"ZCTA5CE10":"10030","AFFGEOID10":"8600000US10030","GEOID10":"10030","ALAND10":722531,"AWATER10":0}},{"type":"Polygon","arcs":[[-19,155,156]],"properties":{"ZCTA5CE10":"10280","AFFGEOID10":"8600000US10280","GEOID10":"10280","ALAND10":300652,"AWATER10":38759}},{"type":"Polygon","arcs":[[157,158,-69,159,-64,160,161,-62,162,-127,-72],[163]],"properties":{"ZCTA5CE10":"10017","AFFGEOID10":"8600000US10017","GEOID10":"10017","ALAND10":820952,"AWATER10":0}},{"type":"MultiPolygon","arcs":[[[164]],[[165]],[[166]],[[167]],[[168]],[[-18,-75,-153,169,-156]],[[170]],[[171]]],"properties":{"ZCTA5CE10":"10004","AFFGEOID10":"8600000US10004","GEOID10":"10004","ALAND10":1411030,"AWATER10":10096}},{"type":"MultiPolygon","arcs":[[[-143,-113,-21,172,-3]],[[-6]]],"properties":{"ZCTA5CE10":"10026","AFFGEOID10":"8600000US10026","GEOID10":"10026","ALAND10":860743,"AWATER10":0}},{"type":"Polygon","arcs":[[-92,-47,-129,173]],"properties":{"ZCTA5CE10":"10014","AFFGEOID10":"8600000US10014","GEOID10":"10014","ALAND10":1423748,"AWATER10":40192}},{"type":"MultiPolygon","arcs":[[[174,175,-65,-160,-68,-124]],[[176,-123]]],"properties":{"ZCTA5CE10":"10020","AFFGEOID10":"8600000US10020","GEOID10":"10020","ALAND10":71560,"AWATER10":0}}]}},"arcs":[[[-73.9659,40.808806],[-73.963903,40.808004],[-73.964848,40.806707],[-73.962008,40.805509]],[[-73.962008,40.805509],[-73.959826,40.805435],[-73.957091,40.81008],[-73.957808,40.811264],[-73.954966,40.810064],[-73.956806,40.807546]],[[-73.956806,40.807546],[-73.958182,40.805597],[-73.958249,40.803107],[-73.959647,40.801156],[-73.958195,40.800553]],[[-73.958195,40.800553],[-73.960037,40.798038],[-73.96701,40.788476]],[[-73.96701,40.788476],[-73.977092,40.792724],[-73.976795,40.794315],[-73.974256,40.796588],[-73.973736,40.798608],[-73.970273,40.80236],[-73.966518,40.808226],[-73.9659,40.808806]],[[-73.962008,40.805509],[-73.962475,40.804886],[-73.960319,40.803992],[-73.960074,40.804706],[-73.962008,40.805509]],[[-74.001716,40.762208],[-74.001036,40.761968]],[[-74.001036,40.761968],[-74.001622,40.761347],[-73.996942,40.759377],[-73.998615,40.758737],[-73.996801,40.757789],[-73.994378,40.758377],[-73.984596,40.754177],[-73.985043,40.753554],[-73.981822,40.752197]],[[-73.981822,40.752197],[-73.984076,40.749102]],[[-73.984076,40.749102],[-73.990134,40.751659],[-73.989694,40.75228],[-73.992528,40.753474],[-73.992979,40.752854],[-73.998661,40.755252],[-74.0015,40.756452],[-74.000067,40.758403],[-74.002843,40.759686],[-74.005593,40.755893]],[[-74.005593,40.755893],[-74.006145,40.756189]],[[-74.006145,40.756189],[-74.004957,40.757872],[-74.007203,40.75927],[-74.004743,40.759033],[-74.001716,40.762208]],[[-74.013597,40.713623],[-74.010122,40.712085],[-74.009988,40.709806]],[[-74.009988,40.709806],[-74.010542,40.709154]],[[-74.010542,40.709154],[-74.010846,40.708797]],[[-74.010846,40.708797],[-74.011248,40.708304]],[[-74.011248,40.708304],[-74.012508,40.706767]],[[-74.012508,40.706767],[-74.013254,40.705871],[-74.015956,40.70668]],[[-74.015956,40.70668],[-74.014697,40.709779],[-74.013597,40.713623]],[[-73.955778,40.787914],[-73.94922,40.79691]],[[-73.94922,40.79691],[-73.946462,40.800665]],[[-73.946462,40.800665],[-73.935408,40.796004],[-73.93266,40.795732],[-73.931094,40.79409]],[[-73.931094,40.79409],[-73.935626,40.791263],[-73.939719,40.785315],[-73.943604,40.78265]],[[-73.943604,40.78265],[-73.944723,40.783247],[-73.944223,40.783933],[-73.950434,40.78654],[-73.950927,40.785866],[-73.955778,40.787914]],[[-73.986544,40.780658],[-73.985679,40.780313],[-73.984452,40.783192],[-73.982126,40.783027],[-73.981064,40.781751],[-73.977562,40.780909],[-73.974067,40.778805]],[[-73.974067,40.778805],[-73.981648,40.768436],[-73.982067,40.768481]],[[-73.982067,40.768481],[-73.987615,40.770415],[-73.989994,40.772242]],[[-73.989994,40.772242],[-73.988774,40.776673],[-73.986544,40.780658]],[[-73.96323,40.777677],[-73.954432,40.773968],[-73.952439,40.773799],[-73.947502,40.770121]],[[-73.947502,40.770121],[-73.947973,40.769512]],[[-73.947973,40.769512],[-73.948202,40.769544]],[[-73.948202,40.769544],[-73.949454,40.770085],[-73.949936,40.769469],[-73.951398,40.770073],[-73.951858,40.769441]],[[-73.951858,40.769441],[-73.953649,40.771024],[-73.961475,40.774324],[-73.965148,40.775045]],[[-73.965148,40.775045],[-73.96323,40.777677]],[[-73.959263,40.759284],[-73.958809,40.759913],[-73.956313,40.760477]],[[-73.956313,40.760477],[-73.958478,40.75854],[-73.958811,40.758256]],[[-73.958811,40.758256],[-73.959722,40.758663],[-73.959263,40.759284]],[[-73.951858,40.769441],[-73.949253,40.768355],[-73.94907,40.768603],[-73.948202,40.769544]],[[-73.947973,40.769512],[-73.952308,40.764555]],[[-73.952308,40.764555],[-73.953609,40.76347],[-73.955616,40.76429],[-73.95516,40.764918],[-73.968441,40.770517]],[[-73.968441,40.770517],[-73.965148,40.775045]],[[-73.941803,40.812815],[-73.942477,40.813912],[-73.940855,40.814106],[-73.937181,40.819144]],[[-73.937181,40.819144],[-73.934264,40.817914],[-73.934338,40.818757],[-73.933823,40.819491]],[[-73.933823,40.819491],[-73.933831,40.814192],[-73.93427,40.809327],[-73.933219,40.807255]],[[-73.933219,40.807255],[-73.934919,40.806679],[-73.936725,40.808224],[-73.939949,40.809582],[-73.940404,40.808958]],[[-73.940404,40.808958],[-73.943398,40.81063],[-73.941803,40.812815]],[[-74.00373,40.72625],[-74.003155,40.727664],[-74.000954,40.731706]],[[-74.000954,40.731706],[-73.999604,40.731043]],[[-73.999604,40.731043],[-73.993147,40.727867],[-73.991794,40.726391],[-73.992604,40.724136]],[[-73.992604,40.724136],[-73.994035,40.720323]],[[-73.994035,40.720323],[-74.00438,40.724055],[-74.00373,40.72625]],[[-73.952308,40.764555],[-73.956313,40.760477]],[[-73.959263,40.759284],[-73.96244,40.761443],[-73.963884,40.761233],[-73.972553,40.764898]],[[-73.972553,40.764898],[-73.968441,40.770517]],[[-73.977201,40.758538],[-73.976744,40.759165]],[[-73.976744,40.759165],[-73.976289,40.759787]],[[-73.976289,40.759787],[-73.975831,40.760418]],[[-73.975831,40.760418],[-73.973465,40.763659]],[[-73.973465,40.763659],[-73.971869,40.762964],[-73.971411,40.763588],[-73.973015,40.764279]],[[-73.973015,40.764279],[-73.972553,40.764898]],[[-73.958811,40.758256],[-73.960849,40.755732],[-73.964715,40.751717]],[[-73.964715,40.751717],[-73.966157,40.753878],[-73.972362,40.756498],[-73.97282,40.75587]],[[-73.97282,40.75587],[-73.974439,40.756556]],[[-73.974439,40.756556],[-73.977655,40.757912]],[[-73.977655,40.757912],[-73.977201,40.758538]],[[-73.973524,40.757808],[-73.971907,40.757125],[-73.971451,40.757749],[-73.970993,40.758373],[-73.972613,40.759059],[-73.973068,40.758432],[-73.973524,40.757808]],[[-74.001036,40.761968],[-73.997575,40.765489],[-73.995545,40.764626],[-73.995088,40.765253],[-73.993365,40.76371],[-73.981341,40.758645]],[[-73.981341,40.758645],[-73.978116,40.757284]],[[-73.978116,40.757284],[-73.979937,40.754783]],[[-73.979937,40.754783],[-73.980395,40.754155]],[[-73.980395,40.754155],[-73.983624,40.755516],[-73.984118,40.754842],[-73.980888,40.753481]],[[-73.980888,40.753481],[-73.981822,40.752197]],[[-74.011248,40.708304],[-74.010201,40.707694],[-74.009829,40.708117],[-74.010846,40.708797]],[[-74.010542,40.709154],[-74.009126,40.709294],[-74.008645,40.70734],[-74.00456,40.705105],[-74.007855,40.703108]],[[-74.007855,40.703108],[-74.009029,40.70531],[-74.011472,40.705033],[-74.012508,40.706767]],[[-73.950279,40.834326],[-73.947721,40.841448],[-73.946049,40.84458],[-73.946813,40.846828],[-73.946701,40.847673],[-73.947005,40.850459]],[[-73.947005,40.850459],[-73.943187,40.849755]],[[-73.943187,40.849755],[-73.944882,40.844959],[-73.944467,40.845762],[-73.940241,40.846048],[-73.938855,40.844679],[-73.934671,40.842958]],[[-73.934671,40.842958],[-73.935628,40.841279],[-73.935079,40.839267],[-73.937936,40.834458],[-73.940309,40.831711],[-73.940346,40.830458],[-73.940167,40.830383]],[[-73.940167,40.830383],[-73.941078,40.829083],[-73.949714,40.832697],[-73.949342,40.833982],[-73.950279,40.834326]],[[-73.990945,40.739673],[-73.987726,40.738317],[-73.987302,40.738903],[-73.986835,40.737941],[-73.979864,40.734975]],[[-73.979864,40.734975],[-73.982564,40.731361],[-73.988643,40.722933]],[[-73.988643,40.722933],[-73.992604,40.724136]],[[-73.999604,40.731043],[-73.996974,40.731409],[-73.993617,40.736005],[-73.990945,40.739673]],[[-73.961588,40.749823],[-73.960214,40.752033],[-73.959016,40.753595],[-73.958482,40.753932],[-73.955527,40.757243],[-73.951517,40.761974],[-73.942146,40.772037],[-73.94029,40.772929],[-73.940559,40.770119],[-73.942852,40.768296],[-73.952548,40.757111],[-73.956924,40.752961],[-73.961491,40.749494],[-73.961588,40.749823]],[[-73.997504,40.714069],[-73.996059,40.716232],[-73.994808,40.718457],[-73.994035,40.720323]],[[-73.988643,40.722933],[-73.978753,40.719934],[-73.974995,40.719784],[-73.975119,40.718753],[-73.973635,40.718612]],[[-73.973635,40.718612],[-73.975933,40.712907],[-73.977787,40.710671],[-73.98124,40.709825],[-73.988509,40.709148],[-73.988698,40.70997],[-73.991939,40.709528]],[[-73.991939,40.709528],[-73.992192,40.710892],[-73.994022,40.709485],[-73.996222,40.709181],[-73.997504,40.714069]],[[-74.005593,40.755893],[-74.007026,40.753793],[-74.00828,40.750272],[-74.007958,40.749261],[-74.006529,40.749553],[-74.000848,40.747147],[-74.000399,40.747767],[-73.997552,40.746581],[-73.99503,40.744941],[-73.992063,40.743919]],[[-73.992063,40.743919],[-73.994028,40.741219],[-73.990945,40.739673]],[[-74.000954,40.731706],[-73.999555,40.733611],[-74.002523,40.739753],[-74.005366,40.740945],[-74.004861,40.741642],[-74.007705,40.742834],[-74.008204,40.742148],[-74.009331,40.742572]],[[-74.009331,40.742572],[-74.012359,40.743541],[-74.008994,40.743951],[-74.009655,40.745293],[-74.011863,40.745526],[-74.009452,40.745694],[-74.008994,40.748417],[-74.009996,40.74893],[-74.007846,40.753792],[-74.006145,40.756189]],[[-73.962067,40.818099],[-73.960687,40.817511],[-73.961276,40.816607],[-73.961398,40.815146],[-73.964019,40.811331]],[[-73.964019,40.811331],[-73.964424,40.810755]],[[-73.964424,40.810755],[-73.9659,40.808806]],[[-73.96701,40.788476],[-73.974067,40.778805]],[[-73.986544,40.780658],[-73.987308,40.781041],[-73.98814,40.781409],[-73.972899,40.803383],[-73.964167,40.81579],[-73.962067,40.818099]],[[-73.939508,40.779224],[-73.938829,40.780763],[-73.938101,40.781237],[-73.937328,40.780985],[-73.938833,40.780059],[-73.938627,40.779402],[-73.939217,40.778565],[-73.939508,40.779224]],[[-73.959921,40.782213],[-73.955778,40.787914]],[[-73.943604,40.78265],[-73.943835,40.781355],[-73.942358,40.775805],[-73.944337,40.773108]],[[-73.944337,40.773108],[-73.945728,40.773622],[-73.945069,40.77561],[-73.951743,40.777875],[-73.957202,40.780179],[-73.956708,40.780856],[-73.959921,40.782213]],[[-73.979864,40.734975],[-73.974243,40.732536],[-73.97365,40.73231]],[[-73.97365,40.73231],[-73.971282,40.729251],[-73.971396,40.726662],[-73.973635,40.718612]],[[-73.944337,40.773108],[-73.947502,40.770121]],[[-73.96323,40.777677],[-73.959921,40.782213]],[[-73.992063,40.743919],[-73.990968,40.745421],[-73.987746,40.744066]],[[-73.987746,40.744066],[-73.984529,40.742708],[-73.984977,40.742089],[-73.975249,40.738015],[-73.973722,40.739917],[-73.9758,40.740644],[-73.973146,40.740345],[-73.971566,40.742993]],[[-73.971566,40.742993],[-73.972942,40.735799],[-73.974417,40.736424],[-73.97365,40.73231]],[[-73.93551,40.7859],[-73.930868,40.791093],[-73.926135,40.79135],[-73.928268,40.792299],[-73.926963,40.795242],[-73.927599,40.79803],[-73.925603,40.801998],[-73.921888,40.80153],[-73.920371,40.799433],[-73.918994,40.798773],[-73.9152,40.796804],[-73.913767,40.793901],[-73.915194,40.791947],[-73.918481,40.789428],[-73.92216,40.785502],[-73.922811,40.783597],[-73.927116,40.781079],[-73.935433,40.783249],[-73.93551,40.7859]],[[-73.944667,40.80313],[-73.946131,40.803877],[-73.944302,40.806391],[-73.941771,40.807089],[-73.940404,40.808958]],[[-73.933219,40.807255],[-73.930938,40.804736],[-73.928932,40.800858],[-73.929256,40.795867],[-73.931094,40.79409]],[[-73.946462,40.800665],[-73.944667,40.80313]],[[-73.942924,40.82326],[-73.939248,40.828296],[-73.938588,40.829717],[-73.940167,40.830383]],[[-73.934671,40.842958],[-73.93201,40.846576],[-73.929303,40.845788]],[[-73.929303,40.845788],[-73.934402,40.836054],[-73.934705,40.835626],[-73.935041,40.834014],[-73.933823,40.819491]],[[-73.937181,40.819144],[-73.936227,40.820438],[-73.941917,40.822837],[-73.942411,40.822164],[-73.943506,40.822628],[-73.942924,40.82326]],[[-73.982067,40.768481],[-73.982152,40.767681],[-73.981362,40.767837],[-73.973015,40.764279]],[[-73.973015,40.764279],[-73.973465,40.763659]],[[-73.975831,40.760418],[-73.979057,40.761771],[-73.979513,40.761148],[-73.976289,40.759787]],[[-73.976744,40.759165],[-73.97845,40.759065]],[[-73.97845,40.759065],[-73.980426,40.759899]],[[-73.980426,40.759899],[-73.983263,40.761094],[-73.98373,40.760457],[-73.980886,40.75927]],[[-73.980886,40.75927],[-73.981341,40.758645]],[[-74.001716,40.762208],[-74.003477,40.76351],[-74.001205,40.762844],[-74.002804,40.764536],[-73.999927,40.763573],[-73.999401,40.764359],[-74.001817,40.765882],[-73.998752,40.764682],[-73.997254,40.766759],[-74.00018,40.768493],[-73.996933,40.767139],[-73.996305,40.767957],[-73.999678,40.769449],[-73.997146,40.768846],[-73.995364,40.770907],[-73.997477,40.771859],[-73.997004,40.772529],[-73.994944,40.771717],[-73.993952,40.772876],[-73.993325,40.772831],[-73.990454,40.771612],[-73.989994,40.772242]],[[-73.987746,40.744066],[-73.984076,40.749102]],[[-73.981822,40.752197],[-73.97078,40.747543],[-73.968192,40.747251]],[[-73.968192,40.747251],[-73.971566,40.742993]],[[-74.011978,40.724333],[-74.009623,40.727557],[-74.005545,40.727157],[-74.00373,40.72625]],[[-73.997504,40.714069],[-73.998584,40.713468],[-74.000455,40.714365]],[[-74.000455,40.714365],[-74.002115,40.715159]],[[-74.002115,40.715159],[-74.004533,40.71628]],[[-74.004533,40.71628],[-74.006249,40.717076],[-74.00794,40.714927],[-74.012731,40.717114]],[[-74.012731,40.717114],[-74.012292,40.719039],[-74.013046,40.719086],[-74.012669,40.720856],[-74.016222,40.721275],[-74.01254,40.721503],[-74.011978,40.724333]],[[-73.92216,40.855607],[-73.922867,40.855872],[-73.922888,40.858857],[-73.924742,40.861594]],[[-73.924742,40.861594],[-73.92662,40.864525],[-73.924385,40.865365],[-73.925005,40.866336],[-73.929364,40.864284],[-73.931313,40.859328],[-73.933022,40.859819],[-73.93274,40.862941],[-73.933803,40.862925],[-73.935195,40.860266],[-73.939012,40.856109]],[[-73.939012,40.856109],[-73.942799,40.851172],[-73.943187,40.849755]],[[-73.947005,40.850459],[-73.943301,40.852489],[-73.937789,40.859812],[-73.932466,40.867615],[-73.932521,40.869914],[-73.929351,40.875358],[-73.926406,40.877645],[-73.92312,40.877314],[-73.922667,40.874908],[-73.921673,40.873283],[-73.920276,40.873107],[-73.921011,40.875549],[-73.918824,40.874694],[-73.914865,40.874409],[-73.91146,40.873322],[-73.910587,40.872456],[-73.911182,40.868729],[-73.914429,40.864186],[-73.917143,40.862032],[-73.919594,40.85883],[-73.921992,40.859563],[-73.921098,40.857567],[-73.92216,40.855607]],[[-73.964424,40.810755],[-73.963477,40.810373],[-73.963058,40.810947],[-73.964019,40.811331]],[[-73.962067,40.818099],[-73.96298,40.818512],[-73.960007,40.820422]],[[-73.960007,40.820422],[-73.952273,40.817221],[-73.949734,40.817922],[-73.947552,40.820301],[-73.948083,40.822108],[-73.946078,40.821264]],[[-73.946078,40.821264],[-73.948677,40.815692],[-73.941803,40.812815]],[[-73.944667,40.80313],[-73.9535,40.806981],[-73.956806,40.807546]],[[-74.00143,40.751445],[-73.998594,40.750241],[-73.99812,40.750903],[-74.000975,40.752055],[-74.00143,40.751445]],[[-73.99768,40.751439],[-73.994844,40.750293],[-73.992006,40.749101],[-73.99111,40.750319],[-73.993948,40.751522],[-73.99679,40.752723],[-73.99768,40.751439]],[[-73.924742,40.861594],[-73.927266,40.857929],[-73.925427,40.858131],[-73.924692,40.856642],[-73.928151,40.851863],[-73.939012,40.856109]],[[-74.004533,40.71628],[-74.00542,40.715236],[-74.003094,40.713958],[-74.002115,40.715159]],[[-74.000455,40.714365],[-74.000891,40.713015],[-74.004076,40.711739],[-74.004858,40.712453],[-74.005589,40.71217],[-74.008601,40.711392],[-74.009988,40.709806]],[[-74.013597,40.713623],[-74.012731,40.717114]],[[-74.009668,40.712725],[-74.0081,40.711995],[-74.007666,40.712533],[-74.009254,40.713256],[-74.009668,40.712725]],[[-73.92216,40.855607],[-73.923016,40.854702],[-73.929303,40.845788]],[[-73.991939,40.709528],[-73.998184,40.708483],[-73.999177,40.708022],[-74.004552,40.704838],[-74.0037768093859,40.703554339596394],[-74.004051,40.703653],[-74.0067847421372,40.701975625768]],[[-74.0067847421372,40.701975625768],[-74.007855,40.703108]],[[-73.942924,40.82326],[-73.944756,40.824032],[-73.946078,40.821264]],[[-73.960007,40.820422],[-73.958008,40.822795],[-73.959648,40.823677],[-73.95633,40.827953],[-73.95383,40.828652],[-73.950279,40.834326]],[[-74.015956,40.70668],[-74.016131,40.706244],[-74.017575,40.70684],[-74.018008,40.705665],[-74.016628,40.704799],[-74.015678,40.701256],[-74.0142519151327,40.7003146857495]],[[-74.0142519151327,40.7003146857495],[-74.0168,40.701794],[-74.0194854329352,40.70690774995101],[-74.018589,40.712201],[-74.016508,40.713224],[-74.017368,40.713378],[-74.016198,40.714767],[-74.013597,40.713623]],[[-73.980888,40.753481],[-73.980395,40.754155]],[[-73.980395,40.754155],[-73.978783,40.753481],[-73.978332,40.7541],[-73.979937,40.754783]],[[-73.978116,40.757284],[-73.977655,40.757912]],[[-73.974439,40.756556],[-73.974897,40.755928],[-73.975352,40.755303],[-73.976516,40.754974],[-73.976974,40.754349],[-73.975702,40.753811]],[[-73.975702,40.753811],[-73.975209,40.754425],[-73.973735,40.754619],[-73.973276,40.755243],[-73.97282,40.75587]],[[-73.964715,40.751717],[-73.968192,40.747251]],[[-73.975702,40.753811],[-73.977107,40.751883],[-73.977677,40.752119],[-73.97837,40.752416],[-73.979287,40.752801],[-73.979768,40.752141],[-73.978159,40.75146],[-73.976535,40.750775],[-73.976048,40.751441],[-73.974449,40.750766],[-73.973959,40.751441],[-73.975558,40.752116],[-73.974648,40.753367],[-73.975702,40.753811]],[[-73.998137,40.701525],[-73.996173,40.703364],[-73.995138,40.70298],[-73.996698,40.700877],[-73.998137,40.701525]],[[-74.00020638065601,40.6992102540544],[-73.998763,40.69711],[-74.001039,40.697899],[-74.00020638065601,40.6992102540544]],[[-74.00339222835059,40.6940303463879],[-74.001277,40.693298],[-74.001744,40.692407],[-74.003890244213,40.6931839899192],[-74.00339222835059,40.6940303463879]],[[-74.0043204541929,40.6924528666221],[-74.001969,40.691843],[-74.000699,40.690612],[-74.0047441964313,40.6917327349725],[-74.0043204541929,40.6924528666221]],[[-74.0060272619275,40.6895522205263],[-74.0051678707884,40.6910127186842],[-74.002993,40.690427],[-74.00382,40.68893],[-74.004593,40.688215],[-74.0065121058308,40.6887282492338],[-74.0060272619275,40.6895522205263]],[[-74.0067847421372,40.701975625768],[-74.0072294160965,40.701702781950395],[-74.009043,40.70059],[-74.00988980027171,40.700493792942005],[-74.013796,40.70005],[-74.0142519151327,40.7003146857495]],[[-74.027106,40.685092],[-74.025442,40.687976],[-74.0195,40.693382],[-74.01546,40.693382],[-74.0149598341926,40.692975765571695],[-74.012132,40.690679],[-74.013083,40.687795],[-74.016173,40.687075],[-74.019976,40.685813],[-74.025442,40.684191],[-74.02602912632729,40.6845089091472],[-74.027106,40.685092]],[[-74.04692,40.691139],[-74.04086,40.700117],[-74.040018,40.700678],[-74.039401,40.700454],[-74.037998,40.698995],[-74.043441,40.68968],[-74.044451,40.688445],[-74.046359,40.689175],[-74.047313,40.690466],[-74.04692,40.691139]],[[-73.94922,40.79691],[-73.958195,40.800553]],[[-74.011978,40.724333],[-74.01599,40.724766],[-74.015728,40.725423],[-74.01182,40.725083],[-74.011653,40.725907],[-74.015219,40.726336],[-74.011569,40.726445],[-74.011376,40.728233],[-74.014357,40.728612],[-74.014072,40.730689],[-74.011164,40.730444],[-74.014204,40.731505],[-74.011077,40.731449],[-74.010659,40.736022],[-74.013007,40.73612],[-74.010578,40.736971],[-74.010394,40.739136],[-74.011662,40.739224],[-74.011456,40.740818],[-74.009664,40.740741],[-74.009366,40.742299],[-74.012331,40.742618],[-74.009331,40.742572]],[[-73.980886,40.75927],[-73.978911,40.758436],[-73.97845,40.759065]],[[-73.97845,40.759065],[-73.977201,40.758538]],[[-73.980426,40.759899],[-73.980886,40.75927]]],"bbox":[-74.047313,40.684191,-73.910587,40.877645]}
