{"type":"Topology","objects":{"nyczipsraw":{"type":"GeometryCollection","geometries":[{"type":"Polygon","arcs":[[0,1,2,3,4]],"properties":{"ZCTA5CE10":"11209","AFFGEOID10":"8600000US11209","GEOID10":"11209","ALAND10":5489556,"AWATER10":0}},{"type":"Polygon","arcs":[[5],[6]],"properties":{"ZCTA5CE10":"10025","AFFGEOID10":"8600000US10025","GEOID10":"10025","ALAND10":1946729,"AWATER10":0}},{"type":"Polygon","arcs":[[7,8,9],[10]],"properties":{"ZCTA5CE10":"11208","AFFGEOID10":"8600000US11208","GEOID10":"11208","ALAND10":9265590,"AWATER10":0}},{"type":"Polygon","arcs":[[11,12,13,14,15,16]],"properties":{"ZCTA5CE10":"11230","AFFGEOID10":"8600000US11230","GEOID10":"11230","ALAND10":4765014,"AWATER10":0}},{"type":"Polygon","arcs":[[17,18,-17,19,20,21]],"properties":{"ZCTA5CE10":"11204","AFFGEOID10":"8600000US11204","GEOID10":"11204","ALAND10":4115354,"AWATER10":0}},{"type":"Polygon","arcs":[[22,23]],"properties":{"ZCTA5CE10":"11222","AFFGEOID10":"8600000US11222","GEOID10":"11222","ALAND10":3974681,"AWATER10":194195}},{"type":"Polygon","arcs":[[24,25,26,27,28,29]],"properties":{"ZCTA5CE10":"11225","AFFGEOID10":"8600000US11225","GEOID10":"11225","ALAND10":2289260,"AWATER10":0}},{"type":"Polygon","arcs":[[30,31,32,33,34,-1,35]],"properties":{"ZCTA5CE10":"11220","AFFGEOID10":"8600000US11220","GEOID10":"11220","ALAND10":4519578,"AWATER10":0}},{"type":"Polygon","arcs":[[36,37,-25,38,39,40]],"properties":{"ZCTA5CE10":"11238","AFFGEOID10":"8600000US11238","GEOID10":"11238","ALAND10":2865978,"AWATER10":0}},{"type":"Polygon","arcs":[[41,42,43,44]],"properties":{"ZCTA5CE10":"11224","AFFGEOID10":"8600000US11224","GEOID10":"11224","ALAND10":4107056,"AWATER10":78860}},{"type":"MultiPolygon","arcs":[[[-11]],[[45,-9,46,47]]],"properties":{"ZCTA5CE10":"11239","AFFGEOID10":"8600000US11239","GEOID10":"11239","ALAND10":1598953,"AWATER10":27110}},{"type":"Polygon","arcs":[[48,49,50,51,52]],"properties":{"ZCTA5CE10":"11206","AFFGEOID10":"8600000US11206","GEOID10":"11206","ALAND10":3715219,"AWATER10":0}},{"type":"Polygon","arcs":[[53,54,55,56,57]],"properties":{"ZCTA5CE10":"10032","AFFGEOID10":"8600000US10032","GEOID10":"10032","ALAND10":1695753,"AWATER10":0}},{"type":"Polygon","arcs":[[58,59,-52,60,-37,61,62]],"properties":{"ZCTA5CE10":"11205","AFFGEOID10":"8600000US11205","GEOID10":"11205","ALAND10":2448133,"AWATER10":0}},{"type":"Polygon","arcs":[[63,64,65,66,67]],"properties":{"ZCTA5CE10":"11212","AFFGEOID10":"8600000US11212","GEOID10":"11212","ALAND10":3985437,"AWATER10":0}},{"type":"Polygon","arcs":[[68,-23,69,70,-53,-60]],"properties":{"ZCTA5CE10":"11211","AFFGEOID10":"8600000US11211","GEOID10":"11211","ALAND10":5988801,"AWATER10":163646}},{"type":"Polygon","arcs":[[71,72,73,-18,74,-34]],"properties":{"ZCTA5CE10":"11219","AFFGEOID10":"8600000US11219","GEOID10":"11219","ALAND10":3838517,"AWATER10":0}},{"type":"Polygon","arcs":[[75,76,77,-40,78,79,-73,80]],"properties":{"ZCTA5CE10":"11215","AFFGEOID10":"8600000US11215","GEOID10":"11215","ALAND10":5637638,"AWATER10":54406}},{"type":"Polygon","arcs":[[81,82,-77,83]],"properties":{"ZCTA5CE10":"11231","AFFGEOID10":"8600000US11231","GEOID10":"11231","ALAND10":3681950,"AWATER10":66967}},{"type":"Polygon","arcs":[[-15,84,85,86,87]],"properties":{"ZCTA5CE10":"11229","AFFGEOID10":"8600000US11229","GEOID10":"11229","ALAND10":5590091,"AWATER10":145452}},{"type":"Polygon","arcs":[[88,89,90,-55,91]],"properties":{"ZCTA5CE10":"10034","AFFGEOID10":"8600000US10034","GEOID10":"10034","ALAND10":2823928,"AWATER10":11193}},{"type":"Polygon","arcs":[[92,93,94,95,96,-86]],"properties":{"ZCTA5CE10":"11234","AFFGEOID10":"8600000US11234","GEOID10":"11234","ALAND10":19191723,"AWATER10":2139260}},{"type":"Polygon","arcs":[[-38,-61,-51,97,98,99,-26]],"properties":{"ZCTA5CE10":"11216","AFFGEOID10":"8600000US11216","GEOID10":"11216","ALAND10":2421197,"AWATER10":0}},{"type":"Polygon","arcs":[[100,-90]],"properties":{"ZCTA5CE10":"10040","AFFGEOID10":"8600000US10040","GEOID10":"10040","ALAND10":988492,"AWATER10":0}},{"type":"Polygon","arcs":[[-67,101,-48,102,-95,103]],"properties":{"ZCTA5CE10":"11236","AFFGEOID10":"8600000US11236","GEOID10":"11236","ALAND10":9321435,"AWATER10":89767}},{"type":"Polygon","arcs":[[-80,104,105,-12,-19,-74]],"properties":{"ZCTA5CE10":"11218","AFFGEOID10":"8600000US11218","GEOID10":"11218","ALAND10":3699698,"AWATER10":0}},{"type":"Polygon","arcs":[[-50,106,107,108,-98]],"properties":{"ZCTA5CE10":"11221","AFFGEOID10":"8600000US11221","GEOID10":"11221","ALAND10":3582803,"AWATER10":0}},{"type":"Polygon","arcs":[[-20,-16,-88,109,-43,110]],"properties":{"ZCTA5CE10":"11223","AFFGEOID10":"8600000US11223","GEOID10":"11223","ALAND10":5370772,"AWATER10":0}},{"type":"Polygon","arcs":[[111,-29,112,113,-13,-106]],"properties":{"ZCTA5CE10":"11226","AFFGEOID10":"8600000US11226","GEOID10":"11226","ALAND10":3339495,"AWATER10":0}},{"type":"Polygon","arcs":[[-35,-75,-22,114,115,-4,116,-2]],"properties":{"ZCTA5CE10":"11228","AFFGEOID10":"8600000US11228","GEOID10":"11228","ALAND10":3813372,"AWATER10":0}},{"type":"Polygon","arcs":[[-91,-101,-89,117,-56]],"properties":{"ZCTA5CE10":"10033","AFFGEOID10":"8600000US10033","GEOID10":"10033","ALAND10":1544120,"AWATER10":0}},{"type":"Polygon","arcs":[[118,-63,119,-82]],"properties":{"ZCTA5CE10":"11201","AFFGEOID10":"8600000US11201","GEOID10":"11201","ALAND10":3643106,"AWATER10":39281}},{"type":"Polygon","arcs":[[120,121,-10,-46,-102,-66,122,-108]],"properties":{"ZCTA5CE10":"11207","AFFGEOID10":"8600000US11207","GEOID10":"11207","ALAND10":6919426,"AWATER10":0}},{"type":"Polygon","arcs":[[-100,123,-64,124,-27]],"properties":{"ZCTA5CE10":"11213","AFFGEOID10":"8600000US11213","GEOID10":"11213","ALAND10":2824121,"AWATER10":0}},{"type":"Polygon","arcs":[[-120,-62,-41,-78,-83]],"properties":{"ZCTA5CE10":"11217","AFFGEOID10":"8600000US11217","GEOID10":"11217","ALAND10":1943236,"AWATER10":8495}},{"type":"Polygon","arcs":[[-123,-65,-124,-99,-109]],"properties":{"ZCTA5CE10":"11233","AFFGEOID10":"8600000US11233","GEOID10":"11233","ALAND10":3493430,"AWATER10":0}},{"type":"Polygon","arcs":[[-110,-87,-97,125,-44]],"properties":{"ZCTA5CE10":"11235","AFFGEOID10":"8600000US11235","GEOID10":"11235","ALAND10":5813187,"AWATER10":496552}},{"type":"Polygon","arcs":[[-71,126,-121,-107,-49]],"properties":{"ZCTA5CE10":"11237","AFFGEOID10":"8600000US11237","GEOID10":"11237","ALAND10":2547925,"AWATER10":46803}},{"type":"Polygon","arcs":[[-58,127]],"properties":{"ZCTA5CE10":"10031","AFFGEOID10":"8600000US10031","GEOID10":"10031","ALAND10":1681541,"AWATER10":0}},{"type":"Polygon","arcs":[[-114,128,-93,-85,-14]],"properties":{"ZCTA5CE10":"11210","AFFGEOID10":"8600000US11210","GEOID10":"11210","ALAND10":4251899,"AWATER10":0}},{"type":"Polygon","arcs":[[-81,-72,-33,129,-31,130]],"properties":{"ZCTA5CE10":"11232","AFFGEOID10":"8600000US11232","GEOID10":"11232","ALAND10":3084817,"AWATER10":234}},{"type":"Polygon","arcs":[[-115,-21,-111,-42,131]],"properties":{"ZCTA5CE10":"11214","AFFGEOID10":"8600000US11214","GEOID10":"11214","ALAND10":5617499,"AWATER10":8509}},{"type":"Polygon","arcs":[[-125,-68,-104,-94,-129,-113,-28]],"properties":{"ZCTA5CE10":"11203","AFFGEOID10":"8600000US11203","GEOID10":"11203","ALAND10":5555602,"AWATER10":0}}]}},"arcs":[[[-74.03876862940801,40.6357762179167],[-74.037245,40.635985],[-74.036071,40.637306],[-74.035958,40.638821],[-74.026039,40.635741],[-74.016048,40.631033]],[[-74.016048,40.631033],[-74.019705,40.622185],[-74.025729,40.616049],[-74.02755,40.612925],[-74.026674,40.612995],[-74.025266,40.615524],[-74.022789,40.614596],[-74.024784,40.6097]],[[-74.024784,40.6097],[-74.026454,40.608],[-74.024471,40.606856],[-74.024753,40.605732],[-74.023602,40.605613],[-74.022477,40.606674],[-74.021502,40.607828]],[[-74.021502,40.607828],[-74.018388,40.606907],[-74.017019,40.607655],[-74.015499,40.606842],[-74.0195713040511,40.6027150966466]],[[-74.0195713040511,40.6027150966466],[-74.021331,40.603272],[-74.0267751399744,40.6042371612374],[-74.027547,40.604374],[-74.031384,40.605201],[-74.0363843681629,40.6099131431883],[-74.03959,40.612934],[-74.0399350595924,40.6143906601431],[-74.042412,40.624847],[-74.0395755857775,40.6333555467857],[-74.03876862940801,40.6357762179167]],[[-73.962008,40.805509],[-73.959826,40.805435],[-73.957091,40.81008],[-73.957808,40.811264],[-73.954966,40.810064],[-73.956806,40.807546],[-73.958182,40.805597],[-73.958249,40.803107],[-73.959647,40.801156],[-73.958195,40.800553],[-73.960037,40.798038],[-73.96701,40.788476],[-73.977092,40.792724],[-73.976795,40.794315],[-73.974256,40.796588],[-73.973736,40.798608],[-73.970273,40.80236],[-73.966518,40.808226],[-73.9659,40.808806],[-73.963903,40.808004],[-73.964848,40.806707],[-73.962008,40.805509]],[[-73.962008,40.805509],[-73.962475,40.804886],[-73.960319,40.803992],[-73.960074,40.804706],[-73.962008,40.805509]],[[-73.889607,40.684214],[-73.884517,40.686691],[-73.883777,40.687863],[-73.879456,40.691231],[-73.874021,40.694191],[-73.868917,40.69515],[-73.868717,40.694622],[-73.866295,40.683189],[-73.864101,40.682373],[-73.863349,40.679352],[-73.862346,40.679165],[-73.861318,40.675021],[-73.860389,40.671269],[-73.857633,40.671656],[-73.855685,40.663867],[-73.85843,40.663453],[-73.857615,40.660119],[-73.86036,40.659646],[-73.863171,40.658277],[-73.860483,40.654659],[-73.859755,40.654104],[-73.856537,40.649916],[-73.85793,40.646931],[-73.856298,40.644645],[-73.856473,40.643678],[-73.861407,40.642637],[-73.865885,40.64],[-73.868267,40.639841],[-73.870084,40.644174],[-73.872426,40.645352],[-73.873384,40.646821],[-73.874892,40.645095]],[[-73.874892,40.645095],[-73.876104,40.646215],[-73.878436,40.649327]],[[-73.878436,40.649327],[-73.876197,40.650697],[-73.879733,40.655563],[-73.876107,40.657125],[-73.878834,40.661535],[-73.882782,40.668026],[-73.886505,40.683349],[-73.888191,40.682556],[-73.889607,40.684214]],[[-73.875189,40.650275],[-73.872123,40.649329],[-73.866689,40.652926],[-73.868093,40.656974],[-73.872903,40.654943],[-73.876751,40.652615],[-73.875189,40.650275]],[[-73.977249,40.630707],[-73.977165,40.630747],[-73.969869,40.634194],[-73.965382,40.636279]],[[-73.965382,40.636279],[-73.963105,40.634065],[-73.9584,40.636327]],[[-73.9584,40.636327],[-73.958198,40.635289],[-73.957168,40.635405],[-73.956365,40.631186],[-73.957299,40.630512],[-73.956099,40.629665],[-73.953553,40.616281],[-73.952577,40.611037]],[[-73.952577,40.611037],[-73.96238,40.609986]],[[-73.96238,40.609986],[-73.964296,40.609777],[-73.972994,40.608814]],[[-73.972994,40.608814],[-73.977096,40.621495],[-73.975802,40.620875],[-73.976235,40.625976],[-73.976578,40.627574],[-73.97919,40.629378],[-73.977249,40.630707]],[[-73.997285,40.619712],[-73.99255,40.624274],[-73.981432,40.634955]],[[-73.981432,40.634955],[-73.978973,40.633476],[-73.980142,40.632354],[-73.978155,40.630282],[-73.977249,40.630707]],[[-73.972994,40.608814],[-73.974031,40.608702],[-73.987255,40.607245]],[[-73.987255,40.607245],[-73.987975,40.608075],[-73.993968,40.612173],[-74.000824,40.616314]],[[-74.000824,40.616314],[-73.997285,40.619712]],[[-73.929058,40.727688],[-73.927806,40.72505],[-73.935589,40.722991],[-73.935041,40.721669],[-73.936504,40.721247],[-73.935287,40.718521],[-73.937315,40.718934],[-73.94038,40.718088],[-73.940589,40.719206],[-73.950065,40.7183],[-73.950646,40.721705],[-73.951646,40.723486],[-73.954754,40.720601],[-73.956038,40.721397],[-73.954776,40.72246],[-73.955679,40.723943],[-73.957572,40.725097],[-73.957717,40.724298],[-73.961611,40.724951]],[[-73.961611,40.724951],[-73.96108,40.729148],[-73.962229,40.732649],[-73.962478,40.736802],[-73.95706,40.739167],[-73.953907,40.739421],[-73.95254,40.739228],[-73.947064,40.737516],[-73.942163,40.735678],[-73.940318,40.733195],[-73.93966,40.731487],[-73.937525,40.729815],[-73.934425,40.728818],[-73.929058,40.727688]],[[-73.962894,40.663798],[-73.962429,40.663125],[-73.960956,40.663285],[-73.962622,40.671629],[-73.957974,40.670657]],[[-73.957974,40.670657],[-73.955269,40.670125],[-73.947731,40.669705]],[[-73.947731,40.669705],[-73.947818,40.668784],[-73.948067,40.666139],[-73.942528,40.665838],[-73.942696,40.664055],[-73.940029,40.663021]],[[-73.940029,40.663021],[-73.942829,40.662847],[-73.942611,40.66061],[-73.947676,40.660297],[-73.947264,40.656437]],[[-73.947264,40.656437],[-73.953094,40.656508],[-73.959343,40.655983],[-73.959861,40.655635],[-73.9619,40.654871]],[[-73.9619,40.654871],[-73.963175,40.655675],[-73.962807,40.656877],[-73.965025,40.662173],[-73.962894,40.663798]],[[-74.024406,40.650922],[-74.020877,40.648743],[-74.02146,40.648182],[-74.019256,40.646853],[-74.01343,40.652453],[-74.009402,40.652759],[-74.01055,40.651634],[-74.006241,40.649022]],[[-74.006241,40.649022],[-74.006824,40.648465],[-74.002415,40.645809],[-74.002111,40.646099]],[[-74.002111,40.646099],[-73.999931,40.644306],[-73.997734,40.64341]],[[-73.997734,40.64341],[-73.999176,40.642026],[-74.003253,40.638104],[-74.000525,40.636456],[-74.00124,40.635978],[-74.003838,40.637546],[-74.00796,40.633584],[-74.007023,40.63211],[-74.008537,40.633028],[-74.01097,40.630682],[-74.012702,40.629024],[-74.012142,40.628684]],[[-74.012142,40.628684],[-74.012846,40.628656],[-74.016048,40.631033]],[[-74.03876862940801,40.6357762179167],[-74.038336,40.637074],[-74.03585910791371,40.6407893381295],[-74.03351683155289,40.6443027526705],[-74.032644,40.6438],[-74.030498,40.6453],[-74.028255,40.644053],[-74.02606,40.646261],[-74.029294,40.64874],[-74.025468,40.646833],[-74.024065,40.647598],[-74.025637,40.649753],[-74.024406,40.650922]],[[-73.972687,40.687415],[-73.972136,40.689582],[-73.970764,40.687638],[-73.96481,40.688326],[-73.965188,40.689782],[-73.960293,40.690346],[-73.960006,40.688881],[-73.957274,40.689192],[-73.957132,40.688463]],[[-73.957132,40.688463],[-73.956841,40.686996],[-73.955437,40.679958],[-73.955309,40.679273],[-73.953005,40.678815],[-73.955195,40.678343],[-73.957974,40.670657]],[[-73.962894,40.663798],[-73.969662,40.672654],[-73.970409,40.672617]],[[-73.970409,40.672617],[-73.970859,40.67273]],[[-73.970859,40.67273],[-73.97105,40.675237],[-73.971904,40.676413],[-73.972445,40.677162],[-73.97064,40.682414],[-73.972773,40.682863],[-73.972274,40.685443],[-73.973648,40.687303],[-73.972687,40.687415]],[[-73.988237,40.579704],[-73.987763,40.579799],[-73.985959,40.581784],[-73.985826,40.581372],[-73.983948,40.582912],[-73.983842,40.583333],[-73.982635,40.582856],[-73.982812,40.583792]],[[-73.982812,40.583792],[-73.977504,40.582784],[-73.969087,40.584001],[-73.967815,40.584539],[-73.966614,40.584575]],[[-73.966614,40.584575],[-73.966777,40.583904],[-73.970725,40.583192],[-73.971134,40.582019],[-73.967332,40.581531],[-73.967602,40.580362],[-73.969133,40.580048],[-73.96992,40.575583],[-73.967567,40.574882],[-73.964711,40.574782],[-73.959414,40.575158],[-73.95942223594291,40.5740168643515]],[[-73.95942223594291,40.5740168643515],[-73.9820844563704,40.5714138101483],[-73.9907535993926,40.570418045004494],[-73.991346,40.57035],[-74.002056,40.570623],[-74.0022836477874,40.5707383658818],[-74.005673,40.572456],[-74.0107121806173,40.5741005396502],[-74.012022,40.574528],[-74.012996,40.578169],[-74.009608,40.581395],[-74.0061005932742,40.5820689155346],[-73.999622,40.581424],[-73.997937,40.581642],[-73.997621,40.580554],[-73.990697,40.579318],[-73.990679,40.58006],[-73.988237,40.579704]],[[-73.889994,40.651138],[-73.882213,40.654498],[-73.878436,40.649327]],[[-73.874892,40.645095],[-73.876012,40.643419],[-73.878814,40.637942]],[[-73.878814,40.637942],[-73.879541,40.638862],[-73.880739,40.639613],[-73.889587,40.648111],[-73.891252,40.650026],[-73.889994,40.651138]],[[-73.934802,40.713373],[-73.932297,40.707749],[-73.931155,40.703773],[-73.927588,40.701762]],[[-73.927588,40.701762],[-73.929035,40.70029],[-73.927797,40.699585],[-73.934008,40.697118],[-73.935222,40.696986],[-73.934797,40.696737],[-73.934134,40.693355],[-73.937049,40.693021],[-73.937195,40.693752],[-73.939971,40.692683],[-73.945642,40.692033]],[[-73.945642,40.692033],[-73.945787,40.692765],[-73.95181,40.691599]],[[-73.95181,40.691599],[-73.95337,40.699405],[-73.95702,40.698974]],[[-73.95702,40.698974],[-73.957457,40.700822],[-73.953812,40.703181],[-73.950237,40.705473],[-73.951116,40.710957],[-73.943911,40.711641],[-73.943788,40.710901],[-73.940423,40.711218],[-73.940314,40.710522],[-73.937681,40.711182],[-73.93832,40.712524],[-73.934802,40.713373]],[[-73.950279,40.834326],[-73.947721,40.841448],[-73.946049,40.84458],[-73.946813,40.846828],[-73.946701,40.847673],[-73.947005,40.850459]],[[-73.947005,40.850459],[-73.943187,40.849755]],[[-73.943187,40.849755],[-73.944882,40.844959],[-73.944467,40.845762],[-73.940241,40.846048],[-73.938855,40.844679],[-73.934671,40.842958]],[[-73.934671,40.842958],[-73.935628,40.841279],[-73.935079,40.839267],[-73.937936,40.834458],[-73.940309,40.831711],[-73.940346,40.830458],[-73.940167,40.830383]],[[-73.940167,40.830383],[-73.941078,40.829083],[-73.949714,40.832697],[-73.949342,40.833982],[-73.950279,40.834326]],[[-73.979233,40.705769],[-73.976164,40.702168],[-73.975316,40.703002],[-73.97588,40.701927]],[[-73.97588,40.701927],[-73.976639,40.700841],[-73.97555,40.699208],[-73.972652,40.699594],[-73.973309,40.697943],[-73.965774,40.697636],[-73.962839,40.698039],[-73.961051,40.698326],[-73.95702,40.698974]],[[-73.95181,40.691599],[-73.951573,40.689491],[-73.957132,40.688463]],[[-73.972687,40.687415],[-73.973126,40.689622]],[[-73.973126,40.689622],[-73.973855,40.693287],[-73.979168,40.693489],[-73.980139,40.694683],[-73.980544,40.698246],[-73.980224,40.703063],[-73.979233,40.705769]],[[-73.931607,40.663557],[-73.930685,40.66362],[-73.928544,40.664574],[-73.92638,40.665515],[-73.924389,40.666385]],[[-73.924389,40.666385],[-73.922753,40.667098],[-73.918382,40.669002],[-73.920044,40.669137],[-73.914873,40.670533],[-73.903475,40.675507]],[[-73.903475,40.675507],[-73.900417,40.663806],[-73.900661,40.660587],[-73.898807,40.657407],[-73.899041,40.657372]],[[-73.899041,40.657372],[-73.903173,40.655301],[-73.907856,40.654589],[-73.909726,40.654313],[-73.917576,40.654314],[-73.921005,40.654918],[-73.921776,40.654424]],[[-73.921776,40.654424],[-73.927201,40.658537],[-73.927255,40.659338],[-73.928193,40.660177],[-73.931556,40.662756],[-73.931607,40.663557]],[[-73.97588,40.701927],[-73.974568,40.701601],[-73.975406,40.699557],[-73.974328,40.701191],[-73.972411,40.700184],[-73.973185,40.701662],[-73.970819,40.700118],[-73.973339,40.702435],[-73.972371,40.703391],[-73.968833,40.701675],[-73.972392,40.703961],[-73.971115,40.703836],[-73.974656,40.706074],[-73.97255,40.706176],[-73.97482,40.707883],[-73.974431,40.708169],[-73.971114,40.70586],[-73.971049,40.706936],[-73.97306,40.709179],[-73.970318,40.707332],[-73.969613,40.707634],[-73.969941,40.70931],[-73.96905,40.712482],[-73.967578,40.716496],[-73.962645,40.722747],[-73.961543,40.723876],[-73.961611,40.724951]],[[-73.929058,40.727688],[-73.927801,40.726494],[-73.92418,40.72002],[-73.922711,40.716478]],[[-73.922711,40.716478],[-73.934802,40.713373]],[[-73.997734,40.64341],[-73.993985,40.647101]],[[-73.993985,40.647101],[-73.989059,40.644119]],[[-73.989059,40.644119],[-73.991929,40.642205],[-73.987455,40.639505],[-73.988039,40.638947],[-73.985252,40.638175],[-73.981432,40.634955]],[[-73.997285,40.619712],[-74.001694,40.622372],[-74.004476,40.623145],[-74.006095,40.625033],[-74.012142,40.628684]],[[-73.998457,40.671568],[-73.998619,40.67183]],[[-73.998619,40.67183],[-73.995275,40.675778],[-73.990802,40.675783],[-73.98856,40.679559]],[[-73.98856,40.679559],[-73.987857,40.680033],[-73.982611,40.678051],[-73.970859,40.67273]],[[-73.970409,40.672617],[-73.971816,40.67063],[-73.979654,40.661241],[-73.980171,40.661155],[-73.975157,40.658723]],[[-73.975157,40.658723],[-73.976749,40.655514],[-73.97977,40.657229],[-73.981796,40.655246],[-73.980291,40.647297],[-73.981805,40.647128],[-73.989059,40.644119]],[[-73.993985,40.647101],[-73.998276,40.649734],[-73.997818,40.650282],[-74.002144,40.652956],[-73.992838,40.661909],[-73.991673,40.663028],[-73.995795,40.665516],[-73.994845,40.666805],[-73.998457,40.671568]],[[-74.0086810145427,40.686410899037696],[-74.008135,40.685615],[-74.004504,40.686301],[-74.002364,40.685737],[-74.001389,40.687751],[-73.994408,40.685453],[-73.994578,40.6851],[-73.989992,40.683319]],[[-73.989992,40.683319],[-73.990424,40.682694],[-73.988699,40.681217],[-73.98808,40.680172],[-73.98856,40.679559]],[[-73.998619,40.67183],[-73.999021,40.671429],[-74.000175,40.668601],[-74.002217,40.668582],[-74.002787,40.667407],[-74.005885,40.667985],[-74.00544,40.670922],[-74.006843,40.668557],[-74.00981,40.668511],[-74.011665,40.665049],[-74.015319,40.664651],[-74.017258,40.665094],[-74.017819,40.66572],[-74.018688,40.670799],[-74.019147,40.671605],[-74.017545,40.671038],[-74.016029,40.664862],[-74.015892,40.665398],[-74.012287,40.665729],[-74.010373,40.668629],[-74.011855,40.670727],[-74.014301,40.671364],[-74.013367,40.673579],[-74.015119,40.672148],[-74.016308,40.673036],[-74.018869,40.672239],[-74.01727,40.673568],[-74.018427,40.674513],[-74.018194,40.676603],[-74.019849,40.676498],[-74.018385,40.677929],[-74.0194315835348,40.679441264418294],[-74.01514529702558,40.6822200802061],[-74.0086810145427,40.686410899037696]],[[-73.952577,40.611037],[-73.950778,40.611635],[-73.949306,40.614031],[-73.949119,40.613053],[-73.948255,40.613636],[-73.948345,40.614136],[-73.946574,40.614789],[-73.946993,40.617001],[-73.946067,40.617104],[-73.945737,40.615363],[-73.944827,40.616046]],[[-73.944827,40.616046],[-73.944308,40.613411],[-73.943748,40.612948],[-73.942979,40.613449],[-73.939347,40.610187],[-73.937537,40.608557],[-73.936046,40.609515],[-73.934232,40.607898],[-73.933513,40.608343],[-73.929868,40.605071],[-73.933551,40.602687],[-73.928131,40.597778],[-73.929569,40.59682],[-73.917656,40.586139],[-73.917663,40.585605],[-73.919944,40.584646],[-73.925948,40.585007]],[[-73.925948,40.585007],[-73.927922,40.587503],[-73.927967,40.58876],[-73.930734,40.589631],[-73.930881,40.591383],[-73.929861,40.59372],[-73.930246,40.594379],[-73.933011,40.594639],[-73.958998,40.591784]],[[-73.958998,40.591784],[-73.959468,40.594566],[-73.960888,40.594365],[-73.959777,40.596299],[-73.961732,40.605358],[-73.96238,40.609986]],[[-73.92216,40.855607],[-73.922867,40.855872],[-73.922888,40.858857],[-73.924742,40.861594]],[[-73.924742,40.861594],[-73.92662,40.864525],[-73.924385,40.865365],[-73.925005,40.866336],[-73.929364,40.864284],[-73.931313,40.859328],[-73.933022,40.859819],[-73.93274,40.862941],[-73.933803,40.862925],[-73.935195,40.860266],[-73.939012,40.856109]],[[-73.939012,40.856109],[-73.942799,40.851172],[-73.943187,40.849755]],[[-73.947005,40.850459],[-73.943301,40.852489],[-73.937789,40.859812],[-73.932466,40.867615],[-73.932521,40.869914],[-73.929351,40.875358],[-73.926406,40.877645],[-73.92312,40.877314],[-73.922667,40.874908],[-73.921673,40.873283],[-73.920276,40.873107],[-73.921011,40.875549],[-73.918824,40.874694],[-73.914865,40.874409],[-73.91146,40.873322],[-73.910587,40.872456],[-73.911182,40.868729],[-73.914429,40.864186],[-73.917143,40.862032],[-73.919594,40.85883],[-73.921992,40.859563],[-73.921098,40.857567],[-73.92216,40.855607]],[[-73.944827,40.616046],[-73.939991,40.621164],[-73.940266,40.622623],[-73.937226,40.622958],[-73.935464,40.623874],[-73.936905,40.625233],[-73.934319,40.624894],[-73.933449,40.625704],[-73.934616,40.62775],[-73.934867,40.630091],[-73.933895,40.630151],[-73.934146,40.632492],[-73.935116,40.632429],[-73.934395,40.634827]],[[-73.934395,40.634827],[-73.932235,40.634963],[-73.93158,40.635391],[-73.926082,40.638163],[-73.923327,40.6399],[-73.922207,40.641065]],[[-73.922207,40.641065],[-73.9216,40.640476],[-73.919583,40.641398],[-73.918852,40.634483],[-73.920412,40.633474],[-73.918604,40.632096],[-73.916922,40.631669],[-73.906514,40.627131],[-73.898261,40.622989]],[[-73.898261,40.622989],[-73.900163,40.621677],[-73.897017,40.621568],[-73.896645,40.621109],[-73.887335,40.609566],[-73.888751,40.608911],[-73.89153,40.609288],[-73.898551,40.605325],[-73.898741,40.603892],[-73.884932,40.604702],[-73.878555,40.589884],[-73.878537,40.587188],[-73.876695,40.584919],[-73.879711,40.580131],[-73.881736,40.579154],[-73.887046,40.578075],[-73.891148,40.577844],[-73.8957,40.576643],[-73.896885,40.579636],[-73.89637,40.582242],[-73.89695,40.583587],[-73.908739,40.581602],[-73.911838,40.58176],[-73.916501,40.581727],[-73.922942,40.583395],[-73.929651,40.58344],[-73.931842,40.583076]],[[-73.931842,40.583076],[-73.930096,40.584502],[-73.931369,40.586071],[-73.925948,40.585007]],[[-73.945642,40.692033],[-73.945349,40.690567],[-73.948185,40.690242],[-73.947893,40.688776],[-73.945056,40.689102],[-73.943962,40.683601],[-73.938223,40.683894]],[[-73.938223,40.683894],[-73.937398,40.67973]],[[-73.937398,40.67973],[-73.941209,40.679938],[-73.941535,40.676421],[-73.944574,40.675804],[-73.947089,40.676557],[-73.947731,40.669705]],[[-73.924742,40.861594],[-73.927266,40.857929],[-73.925427,40.858131],[-73.924692,40.856642],[-73.928151,40.851863],[-73.939012,40.856109]],[[-73.899041,40.657372],[-73.898003,40.653801],[-73.89761,40.653454],[-73.897259,40.653604],[-73.895566,40.653077],[-73.893388,40.650935],[-73.891366,40.652365],[-73.889994,40.651138]],[[-73.878814,40.637942],[-73.8763,40.635192],[-73.87635,40.633474],[-73.878038,40.634486],[-73.883371,40.62938],[-73.887269,40.626157],[-73.889206,40.625584],[-73.88969,40.622833],[-73.89149,40.621851],[-73.898261,40.622989]],[[-73.922207,40.641065],[-73.921609,40.641687],[-73.919729,40.642725],[-73.920674,40.642672],[-73.921627,40.642806],[-73.921741,40.643382],[-73.920871,40.643998],[-73.919951,40.644707],[-73.920581,40.650707],[-73.921776,40.654424]],[[-73.975157,40.658723],[-73.974044,40.657347],[-73.972343,40.651378],[-73.97262,40.650835],[-73.972082,40.650635],[-73.971691,40.651064],[-73.966213,40.653189]],[[-73.966213,40.653189],[-73.964654,40.650887],[-73.967028,40.649948],[-73.967546,40.647683],[-73.966391,40.646594],[-73.966174,40.640431],[-73.965382,40.636279]],[[-73.927588,40.701762],[-73.917818,40.696208],[-73.916368,40.69768],[-73.913361,40.69597],[-73.911806,40.697554],[-73.910303,40.6967],[-73.91186,40.695115],[-73.908853,40.693405]],[[-73.908853,40.693405],[-73.916046,40.686072]],[[-73.916046,40.686072],[-73.918046,40.687213],[-73.917996,40.686965],[-73.920495,40.685928],[-73.92367,40.685964],[-73.937892,40.684331],[-73.938223,40.683894]],[[-73.958998,40.591784],[-73.96068,40.591598],[-73.965129,40.591108],[-73.965641,40.588888],[-73.96797,40.588631],[-73.96633,40.585896],[-73.969147,40.584873],[-73.966614,40.584575]],[[-73.982812,40.583792],[-73.98464,40.593552],[-73.984678,40.593659],[-73.98748,40.604539],[-73.987255,40.607245]],[[-73.966213,40.653189],[-73.9619,40.654871]],[[-73.947264,40.656437],[-73.947159,40.655594],[-73.946479,40.6491],[-73.947467,40.649039],[-73.947059,40.64525],[-73.946509,40.640104]],[[-73.946509,40.640104],[-73.949383,40.639928],[-73.949233,40.638548],[-73.9536,40.638422],[-73.954273,40.639115],[-73.955696,40.637625],[-73.9584,40.636327]],[[-74.000824,40.616314],[-74.007311,40.610077],[-74.009822,40.608827],[-74.014175,40.603989],[-74.0147050927622,40.602084344158]],[[-74.0147050927622,40.602084344158],[-74.017034,40.602478],[-74.018958,40.602521],[-74.0195713040511,40.6027150966466]],[[-74.021502,40.607828],[-74.024304,40.609457],[-74.024784,40.6097]],[[-73.92216,40.855607],[-73.923016,40.854702],[-73.929303,40.845788],[-73.93201,40.846576],[-73.934671,40.842958]],[[-74.0086810145427,40.686410899037696],[-74.007379,40.687255],[-74.0073749121354,40.6872619471494],[-74.004593,40.688215],[-74.00382,40.68893],[-74.002993,40.690427],[-74.001963,40.690136],[-74.000699,40.690612],[-74.001969,40.691843],[-74.001744,40.692407],[-74.001277,40.693298],[-74.00061737911429,40.6951221683874],[-74.00025,40.695003],[-73.998763,40.69711],[-74.00020638065601,40.6992102540544],[-74.0000444533093,40.6994652660133],[-73.999496,40.700329],[-73.9975,40.699653],[-73.996698,40.700877],[-73.995138,40.70298],[-73.994498,40.704318],[-73.992722,40.705544],[-73.986866,40.705161],[-73.979233,40.705769]],[[-73.973126,40.689622],[-73.980429,40.689901],[-73.982098,40.689358],[-73.9844,40.687564],[-73.986568,40.688408],[-73.989992,40.683319]],[[-73.908853,40.693405],[-73.903597,40.690409],[-73.902073,40.691999]],[[-73.902073,40.691999],[-73.900425,40.688184],[-73.901162,40.687878],[-73.896466,40.682336],[-73.894403,40.685084],[-73.892523,40.683424],[-73.889607,40.684214]],[[-73.903475,40.675507],[-73.904688,40.677943],[-73.903466,40.678897],[-73.904046,40.67922],[-73.916046,40.686072]],[[-73.937398,40.67973],[-73.934351,40.679564],[-73.929058,40.679277],[-73.930457,40.675818],[-73.924996,40.674736],[-73.925539,40.668493],[-73.924389,40.666385]],[[-73.931607,40.663557],[-73.940029,40.663021]],[[-73.931842,40.583076],[-73.931946,40.582022],[-73.932502,40.581159],[-73.931116,40.576117],[-73.9316439833185,40.5756736521711],[-73.931559,40.575962],[-73.937665,40.575434],[-73.946295,40.5756],[-73.9524802181286,40.574840135519494],[-73.955721,40.574442],[-73.95942223594291,40.5740168643515]],[[-73.922711,40.716478],[-73.924327,40.715568],[-73.92404,40.714008],[-73.922233,40.712854],[-73.920745,40.71053],[-73.921892,40.709396],[-73.911807,40.703435],[-73.912904,40.702362],[-73.910679,40.701046],[-73.911808,40.699938],[-73.90426,40.6957],[-73.9058,40.694128],[-73.902073,40.691999]],[[-73.940167,40.830383],[-73.938588,40.829717],[-73.939248,40.828296],[-73.942924,40.82326],[-73.944756,40.824032],[-73.946078,40.821264],[-73.948083,40.822108],[-73.947552,40.820301],[-73.949734,40.817922],[-73.952273,40.817221],[-73.960007,40.820422],[-73.958008,40.822795],[-73.959648,40.823677],[-73.95633,40.827953],[-73.95383,40.828652],[-73.950279,40.834326]],[[-73.946509,40.640104],[-73.942651,40.640344],[-73.942503,40.638965],[-73.937762,40.639259],[-73.937512,40.636921],[-73.935607,40.637038],[-73.93536,40.634767],[-73.934395,40.634827]],[[-74.002111,40.646099],[-74.000662,40.647487],[-74.005074,40.650147],[-74.006241,40.649022]],[[-74.024406,40.650922],[-74.020944,40.651274],[-74.022227,40.652042],[-74.020877,40.654433],[-74.019289,40.654086],[-74.019939,40.65527],[-74.017886,40.654054],[-74.016401,40.655595],[-74.019165,40.657361],[-74.015865,40.656219],[-74.014418,40.657635],[-74.01744,40.659431],[-74.015591,40.660736],[-74.011942,40.658966],[-74.011129,40.659675],[-74.01407,40.661479],[-74.012847,40.662022],[-74.008762,40.659629],[-74.007489,40.660553],[-74.010408,40.66251],[-74.00881,40.663347],[-74.006132,40.661863],[-74.005929,40.663149],[-74.003946,40.661979],[-74.007777,40.664716],[-74.003626,40.662736],[-74.004847,40.665068],[-74.001117,40.662907],[-74.000046,40.663819],[-73.999525,40.664399],[-74.002924,40.666403],[-73.999893,40.667597],[-73.999072,40.668446],[-73.998457,40.671568]],[[-73.988237,40.579704],[-73.991983,40.581543],[-73.990325,40.584601],[-73.996003,40.582122],[-74.000304,40.583094],[-74.000435,40.583933],[-73.998418,40.585463],[-73.998261,40.586544],[-73.994102,40.588672],[-73.995379,40.589389],[-74.000416,40.587136],[-73.998031,40.588466],[-73.998789,40.590296],[-73.997111,40.591278],[-74.000155,40.591613],[-73.998594,40.593555],[-74.00140340129,40.5923542025705],[-74.00320438943909,40.595615280056],[-74.003281,40.595754],[-74.010926,40.600789],[-74.014425,40.602037],[-74.0147050927622,40.602084344158]]],"bbox":[-74.042412,40.57035,-73.855685,40.877645]}
