{"type":"Topology","objects":{"nyczipsraw":{"type":"GeometryCollection","geometries":[{"type":"Polygon","arcs":[[0,1,2,3,4]],"properties":{"ZCTA5CE10":"11419","AFFGEOID10":"8600000US11419","GEOID10":"11419","ALAND10":2899294,"AWATER10":0}},{"type":"Polygon","arcs":[[5,6,7]],"properties":{"ZCTA5CE10":"11436","AFFGEOID10":"8600000US11436","GEOID10":"11436","ALAND10":2054419,"AWATER10":0}},{"type":"Polygon","arcs":[[8,9,10,11,12]],"properties":{"ZCTA5CE10":"11411","AFFGEOID10":"8600000US11411","GEOID10":"11411","ALAND10":3025177,"AWATER10":0}},{"type":"Polygon","arcs":[[13,14]],"properties":{"ZCTA5CE10":"11359","AFFGEOID10":"8600000US11359","GEOID10":"11359","ALAND10":648383,"AWATER10":0}},{"type":"Polygon","arcs":[[15,16,17,18,19,20]],"properties":{"ZCTA5CE10":"11373","AFFGEOID10":"8600000US11373","GEOID10":"11373","ALAND10":3942311,"AWATER10":0}},{"type":"Polygon","arcs":[[21,22,23,24,25,26]],"properties":{"ZCTA5CE10":"11358","AFFGEOID10":"8600000US11358","GEOID10":"11358","ALAND10":5048137,"AWATER10":0}},{"type":"Polygon","arcs":[[27,28,29,30]],"properties":{"ZCTA5CE10":"11102","AFFGEOID10":"8600000US11102","GEOID10":"11102","ALAND10":2042468,"AWATER10":2387}},{"type":"Polygon","arcs":[[31,32,33,34,35]],"properties":{"ZCTA5CE10":"11428","AFFGEOID10":"8600000US11428","GEOID10":"11428","ALAND10":2153823,"AWATER10":0}},{"type":"Polygon","arcs":[[36,37]],"properties":{"ZCTA5CE10":"11104","AFFGEOID10":"8600000US11104","GEOID10":"11104","ALAND10":1005110,"AWATER10":0}},{"type":"Polygon","arcs":[[38,-20,39,40,41,42]],"properties":{"ZCTA5CE10":"11378","AFFGEOID10":"8600000US11378","GEOID10":"11378","ALAND10":6674050,"AWATER10":122157}},{"type":"Polygon","arcs":[[43,44,45,46,47,48,49]],"properties":{"ZCTA5CE10":"11367","AFFGEOID10":"8600000US11367","GEOID10":"11367","ALAND10":6101072,"AWATER10":556542}},{"type":"Polygon","arcs":[[50,51,52,-16,53]],"properties":{"ZCTA5CE10":"11372","AFFGEOID10":"8600000US11372","GEOID10":"11372","ALAND10":1918699,"AWATER10":0}},{"type":"Polygon","arcs":[[-34,54,-9,55,56]],"properties":{"ZCTA5CE10":"11429","AFFGEOID10":"8600000US11429","GEOID10":"11429","ALAND10":3351015,"AWATER10":0}},{"type":"Polygon","arcs":[[57,58,59,60]],"properties":{"ZCTA5CE10":"11692","AFFGEOID10":"8600000US11692","GEOID10":"11692","ALAND10":2595951,"AWATER10":226794}},{"type":"Polygon","arcs":[[61,62,63,64]],"properties":{"ZCTA5CE10":"11694","AFFGEOID10":"8600000US11694","GEOID10":"11694","ALAND10":3460878,"AWATER10":1189}},{"type":"Polygon","arcs":[[65,66,67]],"properties":{"ZCTA5CE10":"11005","AFFGEOID10":"8600000US11005","GEOID10":"11005","ALAND10":474842,"AWATER10":0}},{"type":"Polygon","arcs":[[-29,68,69,70,71]],"properties":{"ZCTA5CE10":"11103","AFFGEOID10":"8600000US11103","GEOID10":"11103","ALAND10":1842767,"AWATER10":0}},{"type":"Polygon","arcs":[[72,73,74]],"properties":{"ZCTA5CE10":"11414","AFFGEOID10":"8600000US11414","GEOID10":"11414","ALAND10":5988196,"AWATER10":206511}},{"type":"Polygon","arcs":[[75,76,77,78,79,80,81,-47]],"properties":{"ZCTA5CE10":"11366","AFFGEOID10":"8600000US11366","GEOID10":"11366","ALAND10":2830903,"AWATER10":0}},{"type":"Polygon","arcs":[[82,83,84,85]],"properties":{"ZCTA5CE10":"11421","AFFGEOID10":"8600000US11421","GEOID10":"11421","ALAND10":3340825,"AWATER10":0}},{"type":"Polygon","arcs":[[-26,86,87,-76,-46,88]],"properties":{"ZCTA5CE10":"11365","AFFGEOID10":"8600000US11365","GEOID10":"11365","ALAND10":6470057,"AWATER10":46201}},{"type":"Polygon","arcs":[[89,-14,90,91,-24,92]],"properties":{"ZCTA5CE10":"11360","AFFGEOID10":"8600000US11360","GEOID10":"11360","ALAND10":3609051,"AWATER10":0}},{"type":"Polygon","arcs":[[-68,93,94,95]],"properties":{"ZCTA5CE10":"11004","AFFGEOID10":"8600000US11004","GEOID10":"11004","ALAND10":2459431,"AWATER10":0}},{"type":"Polygon","arcs":[[96,97,98,-69,-28]],"properties":{"ZCTA5CE10":"11105","AFFGEOID10":"8600000US11105","GEOID10":"11105","ALAND10":4356927,"AWATER10":0}},{"type":"Polygon","arcs":[[99,-12,100,101,102]],"properties":{"ZCTA5CE10":"11413","AFFGEOID10":"8600000US11413","GEOID10":"11413","ALAND10":8039774,"AWATER10":61151}},{"type":"Polygon","arcs":[[103,104,105,106]],"properties":{"ZCTA5CE10":"11415","AFFGEOID10":"8600000US11415","GEOID10":"11415","ALAND10":1466888,"AWATER10":0}},{"type":"Polygon","arcs":[[-95,107,-32,108,109]],"properties":{"ZCTA5CE10":"11426","AFFGEOID10":"8600000US11426","GEOID10":"11426","ALAND10":3494228,"AWATER10":0}},{"type":"Polygon","arcs":[[-3,110,-8,111,-74,112]],"properties":{"ZCTA5CE10":"11420","AFFGEOID10":"8600000US11420","GEOID10":"11420","ALAND10":5380501,"AWATER10":0}},{"type":"Polygon","arcs":[[113,114,115,-77,-88]],"properties":{"ZCTA5CE10":"11364","AFFGEOID10":"8600000US11364","GEOID10":"11364","ALAND10":6391237,"AWATER10":0}},{"type":"MultiPolygon","arcs":[[[116]],[[117,118,-51,119,-98]]],"properties":{"ZCTA5CE10":"11370","AFFGEOID10":"8600000US11370","GEOID10":"11370","ALAND10":3859880,"AWATER10":0}},{"type":"Polygon","arcs":[[-19,120,121,-40]],"properties":{"ZCTA5CE10":"11379","AFFGEOID10":"8600000US11379","GEOID10":"11379","ALAND10":5373689,"AWATER10":0}},{"type":"Polygon","arcs":[[122,-4,-113,-73,123]],"properties":{"ZCTA5CE10":"11417","AFFGEOID10":"8600000US11417","GEOID10":"11417","ALAND10":2898426,"AWATER10":0}},{"type":"Polygon","arcs":[[124,-107,125,-1,126,-83,127]],"properties":{"ZCTA5CE10":"11418","AFFGEOID10":"8600000US11418","GEOID10":"11418","ALAND10":4230385,"AWATER10":0}},{"type":"Polygon","arcs":[[-7,128,129,130,-103,131]],"properties":{"ZCTA5CE10":"11434","AFFGEOID10":"8600000US11434","GEOID10":"11434","ALAND10":8465074,"AWATER10":106288}},{"type":"Polygon","arcs":[[132,-59]],"properties":{"ZCTA5CE10":"11691","AFFGEOID10":"8600000US11691","GEOID10":"11691","ALAND10":7129838,"AWATER10":114576}},{"type":"Polygon","arcs":[[-65,133]],"properties":{"ZCTA5CE10":"11697","AFFGEOID10":"8600000US11697","GEOID10":"11697","ALAND10":6722312,"AWATER10":16405}},{"type":"Polygon","arcs":[[-93,-23,134,135,136,137,138]],"properties":{"ZCTA5CE10":"11357","AFFGEOID10":"8600000US11357","GEOID10":"11357","ALAND10":7279770,"AWATER10":2281}},{"type":"Polygon","arcs":[[-92,139,140,-114,-87,-25]],"properties":{"ZCTA5CE10":"11361","AFFGEOID10":"8600000US11361","GEOID10":"11361","ALAND10":4572642,"AWATER10":49214}},{"type":"Polygon","arcs":[[141,142,143,144,-44,145,146,-17,-53]],"properties":{"ZCTA5CE10":"11368","AFFGEOID10":"8600000US11368","GEOID10":"11368","ALAND10":6810487,"AWATER10":99467}},{"type":"Polygon","arcs":[[147,-142,-52,-119]],"properties":{"ZCTA5CE10":"11369","AFFGEOID10":"8600000US11369","GEOID10":"11369","ALAND10":2823943,"AWATER10":0}},{"type":"Polygon","arcs":[[-146,-50,148,149,-104,-125,150,151]],"properties":{"ZCTA5CE10":"11375","AFFGEOID10":"8600000US11375","GEOID10":"11375","ALAND10":5152091,"AWATER10":0}},{"type":"Polygon","arcs":[[-37,152,-70,-99,-120,-54,-21,-39,153]],"properties":{"ZCTA5CE10":"11377","AFFGEOID10":"8600000US11377","GEOID10":"11377","ALAND10":6569919,"AWATER10":0}},{"type":"Polygon","arcs":[[154,155,156,157,158,-130,159]],"properties":{"ZCTA5CE10":"11433","AFFGEOID10":"8600000US11433","GEOID10":"11433","ALAND10":4019207,"AWATER10":0}},{"type":"Polygon","arcs":[[160,-56,-13,-100,-131,-159]],"properties":{"ZCTA5CE10":"11412","AFFGEOID10":"8600000US11412","GEOID10":"11412","ALAND10":4265242,"AWATER10":0}},{"type":"Polygon","arcs":[[-101,-11,161]],"properties":{"ZCTA5CE10":"11422","AFFGEOID10":"8600000US11422","GEOID10":"11422","ALAND10":5189685,"AWATER10":119987}},{"type":"Polygon","arcs":[[-78,-116,162,-109,-36,163]],"properties":{"ZCTA5CE10":"11427","AFFGEOID10":"8600000US11427","GEOID10":"11427","ALAND10":4094886,"AWATER10":0}},{"type":"Polygon","arcs":[[-48,-82,164,-80,165,-157,166,-155,167]],"properties":{"ZCTA5CE10":"11432","AFFGEOID10":"8600000US11432","GEOID10":"11432","ALAND10":5566863,"AWATER10":0}},{"type":"Polygon","arcs":[[168,-135,-22,169,-144,170]],"properties":{"ZCTA5CE10":"11354","AFFGEOID10":"8600000US11354","GEOID10":"11354","ALAND10":5641422,"AWATER10":59468}},{"type":"Polygon","arcs":[[-170,-27,-89,-45,-145]],"properties":{"ZCTA5CE10":"11355","AFFGEOID10":"8600000US11355","GEOID10":"11355","ALAND10":4494258,"AWATER10":0}},{"type":"Polygon","arcs":[[-84,-127,-5,-123,171]],"properties":{"ZCTA5CE10":"11416","AFFGEOID10":"8600000US11416","GEOID10":"11416","ALAND10":1713824,"AWATER10":0}},{"type":"Polygon","arcs":[[-18,-147,-152,172,-121]],"properties":{"ZCTA5CE10":"11374","AFFGEOID10":"8600000US11374","GEOID10":"11374","ALAND10":2442528,"AWATER10":0}},{"type":"Polygon","arcs":[[173,-71,-153,-38,-154,-43,174]],"properties":{"ZCTA5CE10":"11101","AFFGEOID10":"8600000US11101","GEOID10":"11101","ALAND10":6743196,"AWATER10":236159}},{"type":"MultiPolygon","arcs":[[[175,-61,176,-63]],[[177]]],"properties":{"ZCTA5CE10":"11693","AFFGEOID10":"8600000US11693","GEOID10":"11693","ALAND10":2554582,"AWATER10":0}},{"type":"Polygon","arcs":[[178,179]],"properties":{"ZCTA5CE10":"11363","AFFGEOID10":"8600000US11363","GEOID10":"11363","ALAND10":2227890,"AWATER10":34217}},{"type":"MultiPolygon","arcs":[[[-165,-81]],[[-166,-79,-164,-35,-57,-161,-158]]],"properties":{"ZCTA5CE10":"11423","AFFGEOID10":"8600000US11423","GEOID10":"11423","ALAND10":3660000,"AWATER10":0}},{"type":"Polygon","arcs":[[-138,180,-136,-169,181]],"properties":{"ZCTA5CE10":"11356","AFFGEOID10":"8600000US11356","GEOID10":"11356","ALAND10":4084049,"AWATER10":0}},{"type":"Polygon","arcs":[[-49,-168,-160,-129,-6,-111,-2,-126,-106,182,-149]],"properties":{"ZCTA5CE10":"11435","AFFGEOID10":"8600000US11435","GEOID10":"11435","ALAND10":3959892,"AWATER10":0}},{"type":"Polygon","arcs":[[183,-179,184,-66,-96,-110,-163,-115,-141]],"properties":{"ZCTA5CE10":"11362","AFFGEOID10":"8600000US11362","GEOID10":"11362","ALAND10":6554203,"AWATER10":39269}},{"type":"Polygon","arcs":[[185,-30,-72,-174]],"properties":{"ZCTA5CE10":"11106","AFFGEOID10":"8600000US11106","GEOID10":"11106","ALAND10":2214073,"AWATER10":14591}},{"type":"Polygon","arcs":[[-41,-122,-173,-151,-128,-86,186]],"properties":{"ZCTA5CE10":"11385","AFFGEOID10":"8600000US11385","GEOID10":"11385","ALAND10":9362464,"AWATER10":82983}}]}},"arcs":[[[-73.837511,40.691297],[-73.820915,40.695828],[-73.819111,40.695756],[-73.813719,40.697153]],[[-73.813719,40.697153],[-73.810749,40.691917],[-73.808017,40.68706]],[[-73.808017,40.68706],[-73.813592,40.68471],[-73.831746,40.679537]],[[-73.831746,40.679537],[-73.834265,40.685327],[-73.835111,40.685088]],[[-73.835111,40.685088],[-73.837511,40.691297]],[[-73.805891,40.682897],[-73.794578,40.686107]],[[-73.794578,40.686107],[-73.793734,40.684358],[-73.792721,40.684648],[-73.79266,40.682569],[-73.791128,40.677773],[-73.792316,40.677372],[-73.79157,40.675748],[-73.78989,40.675202],[-73.790297,40.673363],[-73.788085,40.67301],[-73.78941,40.666841],[-73.793062,40.667087],[-73.799876,40.66659],[-73.80166,40.666756]],[[-73.80166,40.666756],[-73.801393,40.673117],[-73.805891,40.682897]],[[-73.748643,40.701587],[-73.743307,40.70296],[-73.743091,40.702397],[-73.738233,40.701885],[-73.732354,40.702419],[-73.727707,40.701565]],[[-73.727707,40.701565],[-73.727516,40.697196],[-73.726503,40.696886],[-73.725926,40.686225],[-73.725798,40.684354],[-73.725861,40.683223]],[[-73.725861,40.683223],[-73.73222,40.685121]],[[-73.73222,40.685121],[-73.737585,40.686408],[-73.74745,40.689351],[-73.74722,40.689715],[-73.748123,40.690131]],[[-73.748123,40.690131],[-73.745283,40.694115],[-73.74619,40.696119],[-73.748643,40.701587]],[[-73.7741389097254,40.7863202798795],[-73.781205,40.789588],[-73.782388,40.791376]],[[-73.782388,40.791376],[-73.781234,40.791485],[-73.7807,40.793649],[-73.78173803222069,40.7953853403085],[-73.781369,40.794907],[-73.77885,40.797193],[-73.775558,40.795613],[-73.770293,40.788376],[-73.7741389097254,40.7863202798795]],[[-73.891393,40.746648],[-73.890501,40.746942],[-73.869425,40.749157]],[[-73.869425,40.749157],[-73.869192,40.748763],[-73.870016,40.748472],[-73.868679,40.746194],[-73.868265,40.746314],[-73.86791,40.744934],[-73.867563,40.740942],[-73.86648,40.738211],[-73.86493,40.736895],[-73.864618,40.734271]],[[-73.864618,40.734271],[-73.869037,40.732849],[-73.868427,40.732374],[-73.871429,40.729248]],[[-73.871429,40.729248],[-73.874755,40.730542],[-73.880119,40.72859],[-73.883931,40.728538],[-73.885612,40.728342],[-73.887205,40.727869]],[[-73.887205,40.727869],[-73.887198,40.728184],[-73.88806,40.730087],[-73.888566,40.734592]],[[-73.888566,40.734592],[-73.889362,40.735838],[-73.891369,40.736061],[-73.888802,40.736531],[-73.891746,40.742138],[-73.890698,40.742261],[-73.890716,40.743128],[-73.891393,40.746648]],[[-73.807514,40.762179],[-73.807207,40.768295],[-73.805356,40.771095],[-73.806153,40.772209],[-73.804279,40.772061],[-73.803985,40.77419]],[[-73.803985,40.77419],[-73.803887,40.774901],[-73.792713,40.773788],[-73.791635,40.774239]],[[-73.791635,40.774239],[-73.789309,40.769708]],[[-73.789309,40.769708],[-73.785168,40.761433],[-73.785902,40.759748],[-73.784471,40.759864],[-73.780088,40.752494]],[[-73.780088,40.752494],[-73.781212,40.751507],[-73.792305,40.748366],[-73.794815,40.748422],[-73.795665,40.750236],[-73.797295,40.749435],[-73.798023,40.74873],[-73.802878,40.749783],[-73.807506,40.750137]],[[-73.807506,40.750137],[-73.809135,40.750269],[-73.807514,40.762179]],[[-73.919965,40.782635],[-73.917966,40.781256],[-73.922002,40.777955],[-73.921522,40.776613],[-73.91431,40.771523]],[[-73.91431,40.771523],[-73.914508,40.76992],[-73.916438,40.76973],[-73.92188,40.763574]],[[-73.92188,40.763574],[-73.935227,40.769526],[-73.934956,40.77173]],[[-73.934956,40.77173],[-73.937466,40.772504],[-73.937858,40.774088],[-73.93638,40.776921],[-73.934412,40.778093],[-73.931847,40.777892],[-73.929881,40.776222],[-73.928605,40.776593],[-73.924234,40.779101],[-73.919965,40.782635]],[[-73.732168,40.729155],[-73.731235,40.728947],[-73.731573,40.727623],[-73.729652,40.722535]],[[-73.729652,40.722535],[-73.730326,40.722157],[-73.729661,40.720483]],[[-73.729661,40.720483],[-73.732162,40.720049],[-73.732566,40.720305],[-73.735382,40.717706],[-73.753708,40.713325]],[[-73.753708,40.713325],[-73.754701,40.71471],[-73.755579,40.71433],[-73.757642,40.717971]],[[-73.757642,40.717971],[-73.757257,40.718139],[-73.752334,40.720262],[-73.739311,40.728167],[-73.740702,40.729533],[-73.733617,40.727934],[-73.732168,40.729155]],[[-73.909847,40.751637],[-73.9099,40.749087],[-73.910159,40.748502],[-73.914693,40.748905],[-73.915566,40.744579],[-73.914949,40.742908],[-73.916887,40.742787],[-73.92304,40.740436],[-73.923972,40.735784],[-73.925769,40.736278]],[[-73.925769,40.736278],[-73.927635,40.736597],[-73.925467,40.747432],[-73.920798,40.746891],[-73.920273,40.749508],[-73.909847,40.751637]],[[-73.925834,40.735706],[-73.919298,40.732151],[-73.911731,40.729964],[-73.908473,40.729828],[-73.905684,40.72855],[-73.905181,40.728957],[-73.900711,40.734359],[-73.897864,40.734291],[-73.897892,40.733604],[-73.895959,40.733532],[-73.892131,40.733681],[-73.89175,40.734485],[-73.888566,40.734592]],[[-73.887205,40.727869],[-73.887059,40.724035],[-73.886122,40.721799],[-73.897687,40.716298],[-73.900625,40.715313],[-73.902854,40.713793]],[[-73.902854,40.713793],[-73.908011,40.713013],[-73.908811,40.7139],[-73.908903,40.71306],[-73.913038,40.713332],[-73.92404,40.714008]],[[-73.92404,40.714008],[-73.924327,40.715568],[-73.922711,40.716478],[-73.92418,40.72002],[-73.927801,40.726494],[-73.929058,40.727688]],[[-73.929058,40.727688],[-73.929103,40.728198],[-73.931639,40.729223],[-73.93742,40.733762],[-73.931614,40.736826],[-73.925834,40.735706]],[[-73.84525,40.740166],[-73.841925,40.741764],[-73.835925,40.743501]],[[-73.835925,40.743501],[-73.827083,40.742642],[-73.82498,40.743106],[-73.821201,40.740921],[-73.81653,40.739601],[-73.815128,40.739922],[-73.815057,40.738987],[-73.813222,40.73876],[-73.809414,40.738603]],[[-73.809414,40.738603],[-73.810482,40.736992],[-73.812391,40.737067],[-73.812122,40.733749],[-73.810687,40.733682],[-73.812279,40.73222],[-73.810886,40.727172]],[[-73.810886,40.727172],[-73.809342,40.720957],[-73.809786,40.719722],[-73.80904,40.719912]],[[-73.80904,40.719912],[-73.808605,40.718415],[-73.811835,40.717873]],[[-73.811835,40.717873],[-73.812118,40.719062],[-73.819305,40.717136],[-73.820054,40.71681],[-73.825567,40.716151]],[[-73.825567,40.716151],[-73.829684,40.716945],[-73.831612,40.717831],[-73.835839,40.722534],[-73.837768,40.726697],[-73.839607,40.729133],[-73.842748,40.732113],[-73.844568,40.735133],[-73.84525,40.740166]],[[-73.896522,40.754389],[-73.882579,40.755854]],[[-73.882579,40.755854],[-73.878861,40.756241],[-73.879245,40.758368],[-73.87793,40.756339],[-73.872219,40.756943]],[[-73.872219,40.756943],[-73.871685,40.753961],[-73.869425,40.749157]],[[-73.891393,40.746648],[-73.891431,40.746845],[-73.89175,40.746812],[-73.894826,40.746493],[-73.894534,40.745712],[-73.894765,40.744739],[-73.894737,40.745816],[-73.896359,40.74877],[-73.897309,40.750459],[-73.895799,40.75062],[-73.896522,40.754389]],[[-73.729661,40.720483],[-73.729176,40.719167],[-73.726971,40.710715],[-73.726895,40.7058],[-73.727764,40.705793],[-73.727707,40.701565]],[[-73.748643,40.701587],[-73.750471,40.70564],[-73.75246,40.710317],[-73.753356,40.710101]],[[-73.753356,40.710101],[-73.75408,40.711841],[-73.753184,40.712055],[-73.753708,40.713325]],[[-73.802438,40.59264],[-73.803243,40.594087],[-73.805112,40.597151],[-73.80285,40.598916],[-73.796768,40.599384],[-73.793652,40.602623],[-73.789058,40.605621],[-73.786639,40.603256],[-73.78789,40.601041],[-73.789541,40.599944],[-73.791101,40.596806],[-73.790651,40.594783],[-73.789179,40.595197],[-73.789148,40.597509]],[[-73.789148,40.597509],[-73.784796,40.597704],[-73.783612,40.595145],[-73.783375,40.592722],[-73.785062,40.5922],[-73.781632,40.592224],[-73.781425,40.590771],[-73.779503,40.591095],[-73.77948,40.592632],[-73.774452,40.592942],[-73.770231,40.593975],[-73.7696436778067,40.5907955566824]],[[-73.7696436778067,40.5907955566824],[-73.774928,40.590759],[-73.8014345864318,40.585658064731]],[[-73.8014345864318,40.585658064731],[-73.804016,40.586495],[-73.805144,40.588215],[-73.80533,40.59052],[-73.803143,40.590658],[-73.802438,40.59264]],[[-73.862883,40.57606],[-73.853055,40.581255],[-73.850444,40.58213],[-73.845181,40.581581],[-73.839354,40.581857],[-73.838665,40.582711],[-73.835841,40.582879],[-73.828525,40.584854],[-73.828048,40.58608],[-73.823262,40.587468],[-73.82146,40.58677],[-73.819322,40.587964],[-73.819312,40.589307],[-73.819133,40.588048]],[[-73.819133,40.588048],[-73.819368,40.58583],[-73.820174,40.585515],[-73.8177,40.583203],[-73.815702,40.583429],[-73.815495604297,40.5822888418555]],[[-73.815495604297,40.5822888418555],[-73.834408,40.577201],[-73.8370403194944,40.576283407183695],[-73.86655933422949,40.5659934572276]],[[-73.86655933422949,40.5659934572276],[-73.867281,40.567501],[-73.864466,40.569142],[-73.86653,40.572701],[-73.863201,40.574127],[-73.862883,40.57606]],[[-73.721178,40.756871],[-73.71778,40.759205],[-73.713325,40.75973]],[[-73.713325,40.75973],[-73.712761,40.759415],[-73.707825,40.756216]],[[-73.707825,40.756216],[-73.712769,40.751912],[-73.714034,40.754616],[-73.715411,40.755678],[-73.717753,40.755348],[-73.721093,40.756281],[-73.721178,40.756871]],[[-73.91431,40.771523],[-73.910942,40.76885],[-73.904187,40.76753],[-73.902025,40.767417]],[[-73.902025,40.767417],[-73.902877,40.766608],[-73.903512,40.76585],[-73.905245,40.763687],[-73.904751,40.762891],[-73.905511,40.761637],[-73.90651,40.762109],[-73.907292,40.760281],[-73.909207,40.758066],[-73.910684,40.758319],[-73.912611,40.755971],[-73.911498,40.754557],[-73.91257,40.753304]],[[-73.91257,40.753304],[-73.915473,40.753792],[-73.916505,40.753892],[-73.916073,40.754429],[-73.92246,40.757427]],[[-73.92246,40.757427],[-73.921129,40.759974],[-73.918966,40.762204],[-73.92188,40.763574]],[[-73.861318,40.675021],[-73.857113,40.673575],[-73.837242,40.66736],[-73.833312,40.666759]],[[-73.833312,40.666759],[-73.832705,40.665406]],[[-73.832705,40.665406],[-73.82987,40.659967],[-73.828392,40.65603],[-73.82641,40.648261],[-73.828872,40.649357],[-73.830937,40.651626],[-73.831292,40.653471],[-73.831046,40.649089],[-73.831669,40.647972],[-73.835567,40.648457],[-73.836827,40.652667],[-73.83763,40.652508],[-73.836331,40.645321],[-73.847175,40.644242],[-73.850169,40.644625],[-73.852698,40.646917],[-73.85202,40.648667],[-73.849873,40.651506],[-73.852302,40.65053],[-73.854911,40.650952],[-73.856537,40.649916],[-73.859755,40.654104],[-73.860483,40.654659],[-73.863171,40.658277],[-73.86036,40.659646],[-73.857615,40.660119],[-73.85843,40.663453],[-73.855685,40.663867],[-73.857633,40.671656],[-73.860389,40.671269],[-73.861318,40.675021]],[[-73.810886,40.727172],[-73.800413,40.728372],[-73.788209,40.731363],[-73.780401,40.733993],[-73.780248,40.734732],[-73.776929,40.735676],[-73.77584,40.73649],[-73.775387,40.735533],[-73.773551,40.736072],[-73.771527,40.731522],[-73.770107,40.731779]],[[-73.770107,40.731779],[-73.765551,40.732544]],[[-73.765551,40.732544],[-73.762245,40.729344],[-73.75671,40.726179],[-73.762063,40.725986],[-73.766244,40.726403]],[[-73.766244,40.726403],[-73.77359,40.724742],[-73.777385,40.722442]],[[-73.777385,40.722442],[-73.778038,40.723284]],[[-73.778038,40.723284],[-73.775234,40.725238],[-73.777575,40.730193],[-73.781161,40.729213],[-73.780799,40.728425]],[[-73.780799,40.728425],[-73.783169,40.727644],[-73.783601,40.728413],[-73.785749,40.726795],[-73.788309,40.725956],[-73.789459,40.726493],[-73.793335,40.725284],[-73.80904,40.719912]],[[-73.852151,40.702251],[-73.851662,40.700479],[-73.847975,40.696853],[-73.844272,40.689372]],[[-73.844272,40.689372],[-73.866295,40.683189]],[[-73.866295,40.683189],[-73.868717,40.694622],[-73.868917,40.69515]],[[-73.868917,40.69515],[-73.870802,40.697877],[-73.869314,40.699355],[-73.869156,40.702893],[-73.863254,40.703392],[-73.858199,40.702911],[-73.858614,40.701259],[-73.857392,40.701214],[-73.855292,40.701844],[-73.855293,40.702596],[-73.852151,40.702251]],[[-73.780088,40.752494],[-73.779806,40.751895]],[[-73.779806,40.751895],[-73.780012,40.750073],[-73.7785,40.746884],[-73.775759,40.743367],[-73.772861,40.736276],[-73.770107,40.731779]],[[-73.809414,40.738603],[-73.810133,40.742295],[-73.814309,40.742974],[-73.814162,40.746139],[-73.807506,40.750137]],[[-73.792657,40.790521],[-73.783179,40.790866],[-73.782388,40.791376]],[[-73.7741389097254,40.7863202798795],[-73.774334,40.786216],[-73.7740787591547,40.7859694239389],[-73.7675451454684,40.7796576099919],[-73.767441,40.779557],[-73.7670348596146,40.77848043955719],[-73.76554,40.774518],[-73.7635021041273,40.772864410561596]],[[-73.7635021041273,40.772864410561596],[-73.765452,40.77358],[-73.769842,40.77261],[-73.771581,40.774306],[-73.773838,40.773846],[-73.773486,40.772306],[-73.774475,40.772102],[-73.774814,40.773673],[-73.778858,40.772799],[-73.789309,40.769708]],[[-73.791635,40.774239],[-73.79035,40.774573],[-73.793356,40.781704],[-73.794116,40.786097],[-73.79494,40.786275],[-73.790705,40.788225],[-73.792657,40.790521]],[[-73.707825,40.756216],[-73.705271,40.75477],[-73.710098,40.750591],[-73.707948,40.749198],[-73.7045,40.750981],[-73.702884,40.74663],[-73.703788,40.746436],[-73.702424,40.742763],[-73.701074,40.74307],[-73.700837,40.740896],[-73.701665,40.740718],[-73.700983,40.738896],[-73.708319,40.737334],[-73.708458,40.735079],[-73.70922,40.73714],[-73.71371,40.736175]],[[-73.71371,40.736175],[-73.716568,40.74165],[-73.719887,40.74937],[-73.721817,40.751122],[-73.721263,40.752473],[-73.722934,40.754128]],[[-73.722934,40.754128],[-73.722332,40.754884],[-73.721178,40.756871]],[[-73.919965,40.782635],[-73.917171,40.784193],[-73.916833,40.785191],[-73.9126,40.789376],[-73.910296,40.790657],[-73.909859,40.790945],[-73.900179,40.788966],[-73.89593,40.785649],[-73.898749,40.782781],[-73.901188,40.782713],[-73.902255,40.780274],[-73.901291,40.781858],[-73.898672,40.781999],[-73.896058,40.783188],[-73.893786,40.782362],[-73.891662,40.780839],[-73.89254,40.779552],[-73.891196,40.778563],[-73.892523,40.777405],[-73.8919,40.776755]],[[-73.8919,40.776755],[-73.89289,40.773808],[-73.900332,40.768808],[-73.900659,40.767211]],[[-73.900659,40.767211],[-73.902025,40.767417]],[[-73.762008,40.684551],[-73.750399,40.688816],[-73.749828,40.687908],[-73.748123,40.690131]],[[-73.73222,40.685121],[-73.734002,40.680426],[-73.737941,40.673245],[-73.738787,40.673553],[-73.739841,40.671866],[-73.738999,40.671559],[-73.740045,40.669873],[-73.740895,40.67018],[-73.741951,40.668495],[-73.741935,40.666845],[-73.738559,40.666397],[-73.740018,40.664748],[-73.742443,40.660869],[-73.744956,40.65817],[-73.747052,40.657489],[-73.748553,40.656184],[-73.748127,40.654629],[-73.74889,40.653609],[-73.748195,40.650673],[-73.746533,40.649724],[-73.746424,40.648142],[-73.748195,40.645609],[-73.751616,40.647235]],[[-73.751616,40.647235],[-73.767353,40.65616]],[[-73.767353,40.65616],[-73.765824,40.656304],[-73.766155,40.658551],[-73.76767,40.658418],[-73.767964,40.660348],[-73.766159,40.660085],[-73.763532,40.666287],[-73.765303,40.666711],[-73.76376,40.667098],[-73.762938,40.669219],[-73.762597,40.670738],[-73.762934,40.671813],[-73.762251,40.671943],[-73.764047,40.672847],[-73.76339,40.674681],[-73.762486,40.674195],[-73.760315,40.67511],[-73.758008,40.676081],[-73.759825,40.67897],[-73.758047,40.679221],[-73.762008,40.684551]],[[-73.843016,40.709176],[-73.837037,40.711312],[-73.830982,40.71431]],[[-73.830982,40.71431],[-73.827125,40.712712],[-73.824304,40.713869]],[[-73.824304,40.713869],[-73.820662,40.709869],[-73.818313,40.706164]],[[-73.818313,40.706164],[-73.820079,40.705031],[-73.82202,40.705212],[-73.82154,40.703729],[-73.831521,40.70139],[-73.832335,40.700765],[-73.833021,40.70257],[-73.834982,40.707098],[-73.836185,40.707573],[-73.834184,40.708672],[-73.834051,40.710028],[-73.835901,40.711641],[-73.836825,40.710737],[-73.841445,40.708957],[-73.843016,40.709176]],[[-73.71371,40.736175],[-73.714739,40.735954],[-73.713963,40.733882],[-73.712506,40.73421],[-73.711478,40.732501],[-73.711816,40.72926],[-73.71047,40.727173],[-73.716684,40.726375],[-73.725672,40.724038],[-73.729652,40.722535]],[[-73.732168,40.729155],[-73.730985,40.732665],[-73.726366,40.733455],[-73.727014,40.735582],[-73.726112,40.736382],[-73.726729,40.740785],[-73.732325,40.743645]],[[-73.732325,40.743645],[-73.729428,40.746678],[-73.726739,40.751484],[-73.722934,40.754128]],[[-73.808017,40.68706],[-73.805891,40.682897]],[[-73.80166,40.666756],[-73.810322,40.66708],[-73.811306,40.664125],[-73.812067,40.663031],[-73.813337,40.662806],[-73.823008,40.663836],[-73.826832,40.663709],[-73.832705,40.665406]],[[-73.833312,40.666759],[-73.836981,40.674678],[-73.835896,40.675754],[-73.832078,40.675261],[-73.83094,40.67812],[-73.831746,40.679537]],[[-73.779806,40.751895],[-73.776178,40.752894],[-73.7721,40.754482],[-73.768316,40.755466],[-73.761856,40.756517],[-73.761927,40.755773],[-73.75944,40.752403],[-73.758467,40.753301],[-73.760378,40.755843],[-73.759021,40.758348],[-73.757319,40.759036],[-73.75763,40.760109],[-73.759545,40.75914],[-73.760089,40.759952],[-73.758001,40.76038]],[[-73.758001,40.76038],[-73.756821,40.759735],[-73.75585,40.757765],[-73.755551,40.7583],[-73.753216,40.758247],[-73.752303,40.759455],[-73.750048,40.758405],[-73.747111,40.754173],[-73.747099,40.752347],[-73.745779,40.751561],[-73.743967,40.74763],[-73.746122,40.746539],[-73.744776,40.743281],[-73.747849,40.743296],[-73.753473,40.742405],[-73.75139,40.740194],[-73.749968,40.739746],[-73.743962,40.740789],[-73.743068,40.738441],[-73.740291,40.738517]],[[-73.740291,40.738517],[-73.743065,40.735465],[-73.746738,40.732583],[-73.746615,40.733394],[-73.745947,40.734168],[-73.746541,40.735778],[-73.7637,40.732864],[-73.765551,40.732544]],[[-73.892766,40.792836],[-73.891936,40.796705],[-73.890886,40.797779],[-73.88789,40.798404],[-73.886834,40.798037],[-73.882929,40.795289],[-73.878181,40.79441],[-73.875301,40.792396],[-73.871408,40.790285],[-73.870973,40.789057],[-73.870809,40.787897],[-73.871631,40.786798],[-73.873088,40.785855],[-73.876973,40.785778],[-73.878307,40.785357],[-73.885303,40.786685],[-73.888307,40.787006],[-73.89057,40.790108],[-73.892182,40.790394],[-73.892766,40.792836]],[[-73.8919,40.776755],[-73.890459,40.77755],[-73.889077,40.773574],[-73.889424,40.773046],[-73.888726,40.768916],[-73.887731,40.766915]],[[-73.887731,40.766915],[-73.887552,40.76635],[-73.882768,40.767312],[-73.882413,40.765362],[-73.884271,40.765167],[-73.882677,40.761608],[-73.883245,40.759526],[-73.882579,40.755854]],[[-73.896522,40.754389],[-73.897719,40.760976],[-73.898552,40.759926],[-73.898773,40.759916],[-73.895097,40.764357],[-73.894324,40.766146],[-73.900659,40.767211]],[[-73.871429,40.729248],[-73.871606,40.729112],[-73.872503,40.729465],[-73.873907,40.728434],[-73.871815,40.726794],[-73.871018,40.727979],[-73.870772,40.727394],[-73.871565,40.725847],[-73.870558,40.724746],[-73.869699,40.725146],[-73.863018,40.717708],[-73.860038,40.714932],[-73.859632,40.713598],[-73.862079,40.712201]],[[-73.862079,40.712201],[-73.86501,40.710777],[-73.870165,40.709208],[-73.874918,40.706816],[-73.880969,40.706371],[-73.885532,40.706446],[-73.890201,40.708247],[-73.902854,40.713793]],[[-73.862346,40.679165],[-73.858198,40.679431],[-73.853924,40.679686],[-73.850991,40.680568],[-73.851318,40.68124],[-73.850478,40.681484],[-73.850148,40.680808],[-73.848444,40.681291],[-73.848634,40.681684],[-73.847868,40.681487],[-73.841196,40.683351],[-73.838078,40.684239],[-73.835111,40.685088]],[[-73.861318,40.675021],[-73.862346,40.679165]],[[-73.854746,40.706767],[-73.849517,40.708392],[-73.84568,40.70848],[-73.843016,40.709176]],[[-73.818313,40.706164],[-73.816477,40.70245],[-73.813719,40.697153]],[[-73.837511,40.691297],[-73.844272,40.689372]],[[-73.852151,40.702251],[-73.854734,40.705245],[-73.854746,40.706767]],[[-73.794578,40.686107],[-73.794371,40.686913]],[[-73.794371,40.686913],[-73.790863,40.688407],[-73.790385,40.687754],[-73.78705,40.688588],[-73.780782,40.69103],[-73.781687,40.692315],[-73.777836,40.694321],[-73.777482,40.693001],[-73.775799,40.693037],[-73.769895,40.696359]],[[-73.769895,40.696359],[-73.765214,40.692789],[-73.7662,40.692183],[-73.762008,40.684551]],[[-73.767353,40.65616],[-73.77401,40.659779],[-73.777241,40.660789],[-73.780791,40.662332],[-73.785053,40.663443],[-73.79509,40.66489],[-73.802162,40.66525],[-73.80166,40.666756]],[[-73.789148,40.597509],[-73.783989,40.602104],[-73.783137,40.60359],[-73.78395,40.60488],[-73.779357,40.609254],[-73.775264,40.609718],[-73.774129,40.608747],[-73.774256,40.607457],[-73.776036,40.602525],[-73.77703,40.601666],[-73.778121,40.60044],[-73.780138,40.600714],[-73.782002,40.598943],[-73.78015,40.597058],[-73.777399,40.598777],[-73.776354,40.600948],[-73.774972,40.601744],[-73.774204,40.598995],[-73.77305,40.597876],[-73.768023,40.598189],[-73.770982,40.598894],[-73.771177,40.600405],[-73.770186,40.602749],[-73.770565,40.60484],[-73.769088,40.609578],[-73.773971,40.612113],[-73.773448,40.613646],[-73.766819,40.614291],[-73.763454,40.61369],[-73.760021,40.611349],[-73.754732,40.610405],[-73.748216,40.612011],[-73.746942,40.611775],[-73.745633,40.611756],[-73.74307,40.607886],[-73.738151,40.60271],[-73.738309,40.598208],[-73.737637,40.594415],[-73.739278,40.594483],[-73.740827,40.594614],[-73.746629,40.594301],[-73.751158,40.591806],[-73.751885,40.591299],[-73.7552665240504,40.5908624008346],[-73.755269,40.590895],[-73.7560282162845,40.590889747778895],[-73.7675356211426,40.590810140115195],[-73.7696436778067,40.5907955566824]],[[-73.86655933422949,40.5659934572276],[-73.8725865174353,40.563892458460494],[-73.878681,40.561768],[-73.88237072057389,40.560844991662194],[-73.89623,40.557378],[-73.905141,40.556401],[-73.917774,40.55285],[-73.940591,40.542896],[-73.940573712484,40.543483273001094],[-73.940247,40.554582],[-73.9387793935351,40.5558229330537],[-73.935354,40.557322],[-73.931367,40.558176],[-73.9298,40.560412],[-73.928326,40.560145],[-73.926157,40.561553],[-73.921078,40.56208],[-73.917661,40.562826],[-73.913867,40.564608],[-73.911883,40.56499],[-73.912145,40.565779],[-73.907914,40.564069],[-73.906839,40.562856],[-73.902939,40.563475],[-73.900058,40.563387],[-73.89581,40.565633],[-73.895369,40.566953],[-73.89261,40.568587],[-73.889595,40.567942],[-73.883501,40.568465],[-73.883904,40.568906],[-73.878693,40.568666],[-73.875859,40.56958],[-73.862883,40.57606]],[[-73.803985,40.77419],[-73.8066,40.775115],[-73.812784,40.775605],[-73.82167,40.776863],[-73.825831,40.775915],[-73.827408,40.776661],[-73.828528,40.776007]],[[-73.828528,40.776007],[-73.826235,40.779921]],[[-73.826235,40.779921],[-73.825667,40.77973],[-73.825081,40.780714],[-73.824624,40.781706],[-73.825285,40.781697]],[[-73.825285,40.781697],[-73.826785,40.781668],[-73.826902,40.784652],[-73.830589,40.784641],[-73.831017,40.789339],[-73.831976,40.78945]],[[-73.831976,40.78945],[-73.831388,40.79137],[-73.828367,40.792395],[-73.828025,40.794952],[-73.829066,40.796563],[-73.825038,40.797389],[-73.81984,40.800995],[-73.816054,40.79855],[-73.812887,40.797153],[-73.811609,40.797372],[-73.804593,40.796139],[-73.802972,40.796685],[-73.797583,40.795967],[-73.794611,40.79493],[-73.794951,40.79175],[-73.79374,40.789048],[-73.792526,40.788792],[-73.792657,40.790521]],[[-73.7635021041273,40.772864410561596],[-73.758885,40.769118],[-73.758643,40.767357],[-73.75377,40.765305]],[[-73.75377,40.765305],[-73.759206,40.764321],[-73.758363,40.763497],[-73.758001,40.76038]],[[-73.872219,40.756943],[-73.865674,40.75763],[-73.858889,40.7579],[-73.859223,40.759811],[-73.857753,40.758027],[-73.854496,40.758279],[-73.859124,40.761275],[-73.860937,40.763729]],[[-73.860937,40.763729],[-73.860433,40.763869],[-73.856803,40.763981],[-73.858585,40.761917],[-73.854664,40.760171],[-73.851586,40.759355],[-73.848687,40.760138],[-73.846709,40.761345],[-73.84307,40.763593],[-73.842311,40.764832],[-73.839417,40.765428]],[[-73.839417,40.765428],[-73.836917,40.762767],[-73.836821,40.761249],[-73.838619,40.757045],[-73.838211,40.755253],[-73.837917,40.754541]],[[-73.837917,40.754541],[-73.835602,40.751395],[-73.832295,40.751942],[-73.833003,40.747834],[-73.834629,40.746896],[-73.835925,40.743501]],[[-73.84525,40.740166],[-73.847558,40.739064],[-73.851346,40.737588],[-73.854181,40.736954]],[[-73.854181,40.736954],[-73.855085,40.736801],[-73.864618,40.734271]],[[-73.887731,40.766915],[-73.884319,40.767982],[-73.877876,40.771151],[-73.875201,40.771771],[-73.872596,40.771831],[-73.870261,40.771357],[-73.865983,40.76886],[-73.862726,40.765893],[-73.860937,40.763729]],[[-73.825567,40.716151],[-73.825921,40.715928]],[[-73.825921,40.715928],[-73.826976,40.715391],[-73.830982,40.71431]],[[-73.854746,40.706767],[-73.85594,40.706395],[-73.857298,40.711465]],[[-73.857298,40.711465],[-73.858522,40.721529],[-73.857108,40.721757],[-73.853902,40.726816],[-73.851778,40.727697],[-73.852884,40.730427],[-73.851137,40.730953],[-73.852164,40.732947],[-73.8547,40.732829],[-73.856152,40.735648],[-73.854181,40.736954]],[[-73.909847,40.751637],[-73.910451,40.752961],[-73.91257,40.753304]],[[-73.925834,40.735706],[-73.925769,40.736278]],[[-73.802409,40.701852],[-73.79915,40.703753],[-73.798415,40.702741]],[[-73.798415,40.702741],[-73.795722,40.699015],[-73.794511,40.69939],[-73.793577,40.699756],[-73.79609,40.703294]],[[-73.79609,40.703294],[-73.793792,40.704032],[-73.794895,40.705461],[-73.792848,40.704424],[-73.789163,40.706227],[-73.78957,40.707222],[-73.780359,40.708464]],[[-73.780359,40.708464],[-73.779373,40.707812],[-73.779975,40.707051],[-73.783135,40.706298],[-73.781837,40.706172],[-73.776501,40.707238],[-73.771008,40.708724],[-73.774708,40.707333],[-73.775465,40.705319]],[[-73.775465,40.705319],[-73.775269,40.704119],[-73.772121,40.698699],[-73.769895,40.696359]],[[-73.794371,40.686913],[-73.794153,40.687752],[-73.796101,40.689282],[-73.798277,40.691934],[-73.800936,40.694425],[-73.802768,40.699105],[-73.802101,40.700643],[-73.803962,40.701052],[-73.802409,40.701852]],[[-73.775465,40.705319],[-73.774181,40.705087],[-73.767251,40.706313],[-73.764564,40.7074],[-73.753356,40.710101]],[[-73.725861,40.683223],[-73.72563,40.679588],[-73.72807,40.671608],[-73.728224,40.665965],[-73.727875,40.664695],[-73.727834,40.663976],[-73.728331,40.663044],[-73.726444,40.659162],[-73.724874,40.653447],[-73.725203,40.652319],[-73.731055,40.650231],[-73.735135,40.649732],[-73.741437,40.646889],[-73.741428,40.640502],[-73.742283,40.640121],[-73.739471,40.635706],[-73.73996,40.635144],[-73.74265,40.635045],[-73.74127,40.637257],[-73.742361,40.638093],[-73.744177,40.637356],[-73.746022,40.635212],[-73.748001,40.634631],[-73.746264,40.640487],[-73.748897,40.645165],[-73.751616,40.647235]],[[-73.740291,40.738517],[-73.739224,40.739684],[-73.732325,40.743645]],[[-73.757642,40.717971],[-73.759216,40.719199],[-73.759441,40.721063],[-73.761531,40.722992],[-73.764796,40.724684],[-73.766244,40.726403]],[[-73.780799,40.728425],[-73.779853,40.726403],[-73.779066,40.724964],[-73.778038,40.723284]],[[-73.777385,40.722442],[-73.775511,40.719094],[-73.775836,40.717666],[-73.773571,40.71512],[-73.782625,40.712938],[-73.780309,40.709001],[-73.780359,40.708464]],[[-73.79609,40.703294],[-73.798415,40.702741]],[[-73.802409,40.701852],[-73.804129,40.70146],[-73.805648,40.704672],[-73.806949,40.707367],[-73.809834,40.712812],[-73.810221,40.715707],[-73.807774,40.715716],[-73.808235,40.717238],[-73.811815,40.716882],[-73.811835,40.717873]],[[-73.849038,40.777005],[-73.839983,40.776503],[-73.838967,40.776774],[-73.838862,40.778617],[-73.836332,40.778529],[-73.833428,40.771434],[-73.831593,40.77256],[-73.828528,40.776007]],[[-73.807514,40.762179],[-73.8126,40.763153],[-73.816093,40.762524],[-73.82974,40.758749],[-73.837917,40.754541]],[[-73.839417,40.765428],[-73.840312,40.766295],[-73.843947,40.765495],[-73.847383,40.766419],[-73.849762,40.769961],[-73.848587,40.770504],[-73.849942,40.771927],[-73.848961,40.773743],[-73.849038,40.777005]],[[-73.862346,40.679165],[-73.863349,40.679352],[-73.864101,40.682373],[-73.866295,40.683189]],[[-73.857298,40.711465],[-73.858187,40.7116],[-73.857548,40.710761],[-73.858028,40.710504],[-73.859622,40.710347],[-73.859777,40.711634],[-73.859759,40.711845],[-73.862079,40.712201]],[[-73.944715,40.762879],[-73.942472,40.761994],[-73.943304,40.760658],[-73.937009,40.758236],[-73.926509,40.752434],[-73.92246,40.757427]],[[-73.929058,40.727688],[-73.934425,40.728818],[-73.937525,40.729815],[-73.93966,40.731487],[-73.940318,40.733195],[-73.942163,40.735678],[-73.947064,40.737516],[-73.95254,40.739228],[-73.953907,40.739421],[-73.95706,40.739167],[-73.962478,40.736802],[-73.96262,40.739033],[-73.961381,40.742802],[-73.961114,40.742749],[-73.958457,40.744316],[-73.956208,40.743872],[-73.954804,40.748046],[-73.956842,40.748828],[-73.951367,40.754524],[-73.95084,40.755219],[-73.944715,40.762879]],[[-73.819133,40.588048],[-73.818001,40.588601],[-73.814847,40.590531],[-73.810825,40.592088],[-73.811408,40.592871],[-73.809661,40.593561],[-73.804284,40.591311],[-73.804164,40.591846],[-73.80803,40.593669],[-73.807104,40.595289],[-73.80606,40.595558],[-73.80401,40.594133],[-73.804044,40.59324],[-73.802438,40.59264]],[[-73.8014345864318,40.585658064731],[-73.806834,40.584619],[-73.8098659330526,40.58380334469479],[-73.815495604297,40.5822888418555]],[[-73.834201,40.596657],[-73.83159,40.597942],[-73.828345,40.597646],[-73.826048,40.599461],[-73.8243,40.598332],[-73.82441,40.600342],[-73.822945,40.602583],[-73.822483,40.605583],[-73.820032,40.608924],[-73.819952,40.611006],[-73.82086,40.612265],[-73.820473,40.610195],[-73.821631,40.608496],[-73.821843,40.609878],[-73.823825,40.611499],[-73.823998,40.612512],[-73.820781,40.615244],[-73.817571,40.614163],[-73.816527,40.614947],[-73.814796,40.613194],[-73.816156,40.612942],[-73.814771,40.608851],[-73.815708,40.606439],[-73.81589,40.606025],[-73.816425,40.605224],[-73.817392,40.605158],[-73.817254,40.60394],[-73.81772,40.602225],[-73.818311,40.60134],[-73.818491,40.59939],[-73.819281,40.59753],[-73.820519,40.596223],[-73.820712,40.595171],[-73.821358,40.594691],[-73.824803,40.595083],[-73.832326,40.594619],[-73.834847,40.595543],[-73.834201,40.596657]],[[-73.733893,40.772527],[-73.73695,40.768906],[-73.738689,40.770051],[-73.737539,40.768402],[-73.741259,40.765707],[-73.744282,40.765358],[-73.74877,40.76408],[-73.750722,40.766512],[-73.753469,40.765445]],[[-73.753469,40.765445],[-73.755076,40.767664],[-73.7557982188623,40.771789252907595],[-73.755557,40.771998],[-73.753656,40.773438],[-73.755881,40.776573],[-73.75547359639701,40.777584],[-73.7554263694168,40.777701196992304],[-73.754606,40.779737],[-73.7530018625745,40.78112561310049],[-73.75145101008741,40.782468100375205],[-73.749664,40.782106],[-73.733893,40.772527]],[[-73.825285,40.781697],[-73.826235,40.779921]],[[-73.849038,40.777005],[-73.849773,40.778728],[-73.849845,40.781593],[-73.849253,40.782265],[-73.855388,40.782076],[-73.855451,40.783143],[-73.858083,40.783724],[-73.859089,40.785532],[-73.858158,40.787035],[-73.856616,40.786749],[-73.855974,40.787666],[-73.853254,40.787875],[-73.854802,40.788845],[-73.854503,40.790183],[-73.852664,40.791256],[-73.85377,40.792336],[-73.852659,40.79492],[-73.849341,40.793373],[-73.84871,40.795416],[-73.846245,40.796162],[-73.843708,40.794886],[-73.84012,40.796882],[-73.838429,40.798376],[-73.838434,40.796787],[-73.836633,40.792516],[-73.837426,40.791391],[-73.837272,40.789064],[-73.835585,40.789562],[-73.83383,40.788522],[-73.831976,40.78945]],[[-73.824304,40.713869],[-73.824717,40.714507],[-73.825921,40.715928]],[[-73.75377,40.765305],[-73.753469,40.765445]],[[-73.733893,40.772527],[-73.723777,40.766278],[-73.721143,40.764873],[-73.713325,40.75973]],[[-73.944715,40.762879],[-73.941312,40.766918],[-73.935323,40.770485],[-73.934956,40.77173]],[[-73.868917,40.69515],[-73.874021,40.694191],[-73.879456,40.691231],[-73.883777,40.687863],[-73.884517,40.686691],[-73.889607,40.684214],[-73.892523,40.683424],[-73.894403,40.685084],[-73.896466,40.682336],[-73.901162,40.687878],[-73.900425,40.688184],[-73.902073,40.691999],[-73.9058,40.694128],[-73.90426,40.6957],[-73.911808,40.699938],[-73.910679,40.701046],[-73.912904,40.702362],[-73.911807,40.703435],[-73.921892,40.709396],[-73.920745,40.71053],[-73.922233,40.712854],[-73.92404,40.714008]]],"bbox":[-73.96262,40.542896,-73.700837,40.800995]}
