<log4net>
	<!--
	<appender name="FileAppender" type="log4net.Appender.FileAppender">
		<file value="${TMP}\\SASWCLog.txt" />
		<lockingModel type="log4net.Appender.FileAppender+MinimalLock"/>
		<appendToFile value="true" />

		<layout type="log4net.Layout.PatternLayout">
			<conversionPattern value="%date %-5level [%thread] %logger{2} - %message%newline" />
		</layout>
	</appender>
	-->

	<appender name="EventLogAppender" type="log4net.Appender.EventLogAppender" >
		<layout type="log4net.Layout.PatternLayout">
			<conversionPattern value="[%thread] %logger{2} - %message%newline" />
		</layout>
	    <applicationName value="SAS" />
		<threshold value="FATAL"/>
	</appender>

	<!-- Set default FATAL which will go to Event Log -->
	<root>
		<level value="FATAL" />
		<!-- <appender-ref ref="FileAppender" /> -->
		<appender-ref ref="EventLogAppender"/>
	</root>

	<!-- SAS Combridge -->
	<!--
	<logger name="SAS.BI.SASComb">
	  <level value="DEBUG" />
	</logger>
	-->

</log4net>

