<?xml version="1.0" encoding="UTF-8" standalone="yes"?>
<ns2:zip xmlns:ns2="http://www.sas.com/installs/it/metadata">
    <contents>
        <entry name="mdxc.reg" tkpatch="false" patch="false" patchval="" type="file" uninstall="true" reboot="false" equate="na" compareby="NONE" backup="true" altDests="" new="false"/>
        <entry name="stsvc.reg" tkpatch="false" patch="false" patchval="" type="file" uninstall="true" reboot="false" equate="na" compareby="NONE" backup="true" altDests="" new="false"/>
        <entry name="autoc.reg" tkpatch="false" patch="false" patchval="" type="file" uninstall="true" reboot="false" equate="na" compareby="NONE" backup="true" altDests="" new="false"/>
        <entry name="sasspk.chm" tkpatch="false" patch="false" patchval="" type="file" uninstall="true" reboot="false" equate="na" compareby="NONE" backup="true" altDests="" new="false"/>
        <entry name="build/buildinfo.xml" tkpatch="false" patch="false" patchval="" type="file" uninstall="true" reboot="false" equate="na" compareby="NONE" backup="true" altDests="" new="false"/>
        <entry name="saswman.chm" tkpatch="false" patch="false" patchval="" type="file" uninstall="true" reboot="false" equate="na" compareby="NONE" backup="true" altDests="" new="false"/>
        <entry name="AuthenticationService.chm" tkpatch="false" patch="false" patchval="" type="file" uninstall="true" reboot="false" equate="na" compareby="NONE" backup="true" altDests="" new="false"/>
        <entry name="olapc.reg" tkpatch="false" patch="false" patchval="" type="file" uninstall="true" reboot="false" equate="na" compareby="NONE" backup="true" altDests="" new="false"/>
        <entry name="omic.reg" tkpatch="false" patch="false" patchval="" type="file" uninstall="true" reboot="false" equate="na" compareby="NONE" backup="true" altDests="" new="false"/>
        <entry name="itstc.reg" tkpatch="false" patch="false" patchval="" type="file" uninstall="true" reboot="false" equate="na" compareby="NONE" backup="true" altDests="" new="false"/>
        <entry name="RegTypeLib.exe" tkpatch="false" patch="false" patchval="" type="file" uninstall="true" reboot="false" equate="na" compareby="NONE" backup="true" altDests="" new="false"/>
        <entry name="arbrc.reg" tkpatch="false" patch="false" patchval="" type="file" uninstall="true" reboot="false" equate="na" compareby="NONE" backup="true" altDests="" new="false"/>
        <entry name="obspc.reg" tkpatch="false" patch="false" patchval="" type="file" uninstall="true" reboot="false" equate="na" compareby="NONE" backup="true" altDests="" new="false"/>
        <entry name="StoredProcessService.chm" tkpatch="false" patch="false" patchval="" type="file" uninstall="true" reboot="false" equate="na" compareby="NONE" backup="true" altDests="" new="false"/>
        <entry name="stpc.reg" tkpatch="false" patch="false" patchval="" type="file" uninstall="true" reboot="false" equate="na" compareby="NONE" backup="true" altDests="" new="false"/>
        <entry name="sasoman.chm" tkpatch="false" patch="false" patchval="" type="file" uninstall="true" reboot="false" equate="na" compareby="NONE" backup="true" altDests="" new="false"/>
        <entry name="log4netConfig.xml" tkpatch="false" patch="false" patchval="" type="file" uninstall="true" reboot="false" equate="na" compareby="NONE" backup="true" altDests="" new="false"/>
        <entry name="sas.chm" tkpatch="false" patch="false" patchval="" type="file" uninstall="true" reboot="false" equate="na" compareby="NONE" backup="true" altDests="" new="false"/>
        <entry name="ilisc.reg" tkpatch="false" patch="false" patchval="" type="file" uninstall="true" reboot="false" equate="na" compareby="NONE" backup="true" altDests="" new="false"/>
        <entry name="build" tkpatch="false" patch="false" patchval="" type="directory" uninstall="true" reboot="false" equate="na" compareby="NONE" backup="true" altDests="" new="false"/>
    </contents>
</ns2:zip>
