<?xml version="1.0" encoding="UTF-8" standalone="yes"?>
<ns2:zip xmlns:ns2="http://www.sas.com/installs/it/metadata">
    <contents>
        <entry name="SASOManInterop.dll" tkpatch="false" patch="false" patchval="" type="file" uninstall="true" reboot="false" equate="na" compareby="NONE" backup="true" altDests="" new="false"/>
        <entry name="SASOLAPInterop.dll" tkpatch="false" patch="false" patchval="" type="file" uninstall="true" reboot="false" equate="na" compareby="NONE" backup="true" altDests="" new="false"/>
        <entry name="SASInterop.dll" tkpatch="false" patch="false" patchval="" type="file" uninstall="true" reboot="false" equate="na" compareby="NONE" backup="true" altDests="" new="false"/>
        <entry name="SASStoredProcessInterop.dll" tkpatch="false" patch="false" patchval="" type="file" uninstall="true" reboot="false" equate="na" compareby="NONE" backup="true" altDests="" new="false"/>
        <entry name="SASCacheInterop.dll" tkpatch="false" patch="false" patchval="" type="file" uninstall="true" reboot="false" equate="na" compareby="NONE" backup="true" altDests="" new="false"/>
        <entry name="SASObjectSpawnerInterop.dll" tkpatch="false" patch="false" patchval="" type="file" uninstall="true" reboot="false" equate="na" compareby="NONE" backup="true" altDests="" new="false"/>
        <entry name="Metadata.dll" tkpatch="false" patch="false" patchval="" type="file" uninstall="true" reboot="false" equate="na" compareby="NONE" backup="true" altDests="" new="false"/>
        <entry name="StoredProcessService.dll" tkpatch="false" patch="false" patchval="" type="file" uninstall="true" reboot="false" equate="na" compareby="NONE" backup="true" altDests="" new="false"/>
        <entry name="SASArborInterop.dll" tkpatch="false" patch="false" patchval="" type="file" uninstall="true" reboot="false" equate="na" compareby="NONE" backup="true" altDests="" new="false"/>
        <entry name="ITConfig2.Library.dll" tkpatch="false" patch="false" patchval="" type="file" uninstall="true" reboot="false" equate="na" compareby="NONE" backup="true" altDests="" new="false"/>
        <entry name="UserContext.dll" tkpatch="false" patch="false" patchval="" type="file" uninstall="true" reboot="false" equate="na" compareby="NONE" backup="true" altDests="" new="false"/>
        <entry name="log4net.dll" tkpatch="false" patch="false" patchval="" type="file" uninstall="true" reboot="false" equate="na" compareby="NONE" backup="true" altDests="" new="false"/>
        <entry name="SAS.ParameterPrompting.Model.dll" tkpatch="false" patch="false" patchval="" type="file" uninstall="true" reboot="false" equate="na" compareby="NONE" backup="true" altDests="" new="false"/>
        <entry name="SASCombInterop.dll" tkpatch="false" patch="false" patchval="" type="file" uninstall="true" reboot="false" equate="na" compareby="NONE" backup="true" altDests="" new="false"/>
        <entry name="ITConfig2.exe" tkpatch="false" patch="false" patchval="" type="file" uninstall="true" reboot="false" equate="na" compareby="NONE" backup="true" altDests="" new="false"/>
        <entry name="Utilities.dll" tkpatch="false" patch="false" patchval="" type="file" uninstall="true" reboot="false" equate="na" compareby="NONE" backup="true" altDests="" new="false"/>
        <entry name="SASGMSInterop.dll" tkpatch="false" patch="false" patchval="" type="file" uninstall="true" reboot="false" equate="na" compareby="NONE" backup="true" altDests="" new="false"/>
        <entry name="sasclzip.dll" tkpatch="false" patch="false" patchval="" type="file" uninstall="true" reboot="false" equate="na" compareby="NONE" backup="true" altDests="" new="false"/>
        <entry name="SASIMLPInterop.dll" tkpatch="false" patch="false" patchval="" type="file" uninstall="true" reboot="false" equate="na" compareby="NONE" backup="true" altDests="" new="false"/>
        <entry name="ConnectionFactory.dll" tkpatch="false" patch="false" patchval="" type="file" uninstall="true" reboot="false" equate="na" compareby="NONE" backup="true" altDests="" new="false"/>
        <entry name="SASTableServerInterop.dll" tkpatch="false" patch="false" patchval="" type="file" uninstall="true" reboot="false" equate="na" compareby="NONE" backup="true" altDests="" new="false"/>
        <entry name="SASASPInterop.dll" tkpatch="false" patch="false" patchval="" type="file" uninstall="true" reboot="false" equate="na" compareby="NONE" backup="true" altDests="" new="false"/>
        <entry name="SASIOMCommonInterop.dll" tkpatch="false" patch="false" patchval="" type="file" uninstall="true" reboot="false" equate="na" compareby="NONE" backup="true" altDests="" new="false"/>
        <entry name="WebDAV.dll" tkpatch="false" patch="false" patchval="" type="file" uninstall="true" reboot="false" equate="na" compareby="NONE" backup="true" altDests="" new="false"/>
        <entry name="LoggingConfigurator.dll" tkpatch="false" patch="false" patchval="" type="file" uninstall="true" reboot="false" equate="na" compareby="NONE" backup="true" altDests="" new="false"/>
        <entry name="SASEAM.dll" tkpatch="false" patch="false" patchval="" type="file" uninstall="true" reboot="false" equate="na" compareby="NONE" backup="true" altDests="" new="false"/>
        <entry name="SASOMIInterop.dll" tkpatch="false" patch="false" patchval="" type="file" uninstall="true" reboot="false" equate="na" compareby="NONE" backup="true" altDests="" new="false"/>
        <entry name="SASMDXInterop.dll" tkpatch="false" patch="false" patchval="" type="file" uninstall="true" reboot="false" equate="na" compareby="NONE" backup="true" altDests="" new="false"/>
    </contents>
</ns2:zip>
