<?xml version="1.0" encoding="UTF-8" standalone="yes"?>
<uninstallregistrydata>
    <editWindowsRegistry action="setValue32">
        <hive>HKEY_LOCAL_MACHINE</hive>
        <key>SOFTWARE\SAS Institute Inc.\Common Data\Shared Files\Integration Technologies</key>
        <name>Path</name>
        <data>C:\Program Files\SASHome\x86\Integration Technologies</data>
        <type>REG_SZ</type>
    </editWindowsRegistry>
    <editWindowsRegistry action="setValue32">
        <hive>HKEY_LOCAL_MACHINE</hive>
        <key>SOFTWARE\SAS Institute Inc.\Common Data\Shared Files\Integration Technologies</key>
        <name>@</name>
        <data>IntegrationTechnologies</data>
        <type>REG_SZ</type>
    </editWindowsRegistry>
    <editWindowsRegistry action="setValue32">
        <hive>HKEY_LOCAL_MACHINE</hive>
        <key>SOFTWARE\SAS Institute Inc.\Common Data\Shared Files\Integration Technologies</key>
        <name>Version</name>
        <data>9.45</data>
        <type>REG_SZ</type>
    </editWindowsRegistry>
</uninstallregistrydata>
