<?xml version="1.0" encoding="UTF-8" standalone="yes"?>
<project mode="uninstall">
    <target name="preinstall">
        <batchRegistration>
            <entryData name="${ProductHome}\stp.tlb" register_tool="${ProductHome}\RegTypeLib.exe" register_params="" unregister_params="-u"/>
            <entryData name="${ProductHome}\LoggingService.tlb" register_tool="${ProductHome}\RegTypeLib.exe" register_params="" unregister_params="-u"/>
            <entryData name="${ProductHome}\tst.tlb" register_tool="${ProductHome}\RegTypeLib.exe" register_params="" unregister_params="-u"/>
            <entryData name="${ProductHome}\gms.tlb" register_tool="${ProductHome}\RegTypeLib.exe" register_params="" unregister_params="-u"/>
            <entryData name="${ProductHome}\sascache.tlb" register_tool="${ProductHome}\RegTypeLib.exe" register_params="" unregister_params="-u"/>
            <entryData name="${ProductHome}\sassps.dll" register_tool="${WINSYSDIR32}\regsvr32.exe" register_params="/s" unregister_params="/s /u"/>
            <entryData name="${ProductHome}\Scripto.dll" register_tool="${WINSYSDIR32}\regsvr32.exe" register_params="/s" unregister_params="/s /u"/>
            <entryData name="${ProductHome}\ObjectSpawner.tlb" register_tool="${ProductHome}\RegTypeLib.exe" register_params="" unregister_params="-u"/>
            <entryData name="${ProductHome}\mdx.tlb" register_tool="${ProductHome}\RegTypeLib.exe" register_params="" unregister_params="-u"/>
            <entryData name="${ProductHome}\SASspk.dll" register_tool="${WINSYSDIR32}\regsvr32.exe" register_params="/s" unregister_params="/s /u"/>
            <entryData name="${ProductHome}\olap.tlb" register_tool="${ProductHome}\RegTypeLib.exe" register_params="" unregister_params="-u"/>
            <entryData name="${ProductHome}\sastableserver.tlb" register_tool="${ProductHome}\RegTypeLib.exe" register_params="" unregister_params="-u"/>
            <entryData name="${ProductHome}\asp.tlb" register_tool="${ProductHome}\RegTypeLib.exe" register_params="" unregister_params="-u"/>
            <entryData name="${ProductHome}\SASComb.dll" register_tool="${WINSYSDIR32}\regsvr32.exe" register_params="/s" unregister_params="/s /u"/>
            <entryData name="${ProductHome}\omi.tlb" register_tool="${ProductHome}\RegTypeLib.exe" register_params="" unregister_params="-u"/>
            <entryData name="${ProductHome}\arbor.tlb" register_tool="${ProductHome}\RegTypeLib.exe" register_params="" unregister_params="-u"/>
            <entryData name="${ProductHome}\SASIOMCommon.tlb" register_tool="${ProductHome}\RegTypeLib.exe" register_params="" unregister_params="-u"/>
            <entryData name="${ProductHome}\IMLPlusServer.tlb" register_tool="${ProductHome}\RegTypeLib.exe" register_params="" unregister_params="-u"/>
            <entryData name="${ProductHome}\SASOMan.dll" register_tool="${WINSYSDIR32}\regsvr32.exe" register_params="/s" unregister_params="/s /u"/>
            <entryData name="${ProductHome}\LoggingService.dll" register_tool="${WINDIR}\Microsoft.NET\Framework\v4.0.30319\RegAsm.exe" register_params="/codebase" unregister_params="/u"/>
            <entryData name="${ProductHome}\sas.tlb" register_tool="${ProductHome}\RegTypeLib.exe" register_params="" unregister_params="-u"/>
            <entryData name="${ProductHome}\SASWMan.dll" register_tool="${WINSYSDIR32}\regsvr32.exe" register_params="/s" unregister_params="/s /u"/>
        </batchRegistration>
    </target>
    <target name="install">
        <extract filename="itclient.xml" home="${ProductHome}" source="."/>
        <extract filename="itclient_gen.xml" home="${ProductHome}" source="gen"/>
        <extract filename="w32_native.xml" home="${ProductHome}" source="w32/native"/>
        <extract filename="w32_native_nls.xml" home="${ProductHome}" source="w32/native_nls/en"/>
        <extract filename="w32_native_register.xml" home="${ProductHome}" source="w32/native_register"/>
    </target>
    <target name="postinstall">
        <applyRegistryFile file="${ProductHome}/arbrc.reg" writeBitMode="32"/>
        <applyRegistryFile file="${ProductHome}/autoc.reg" writeBitMode="32"/>
        <applyRegistryFile file="${ProductHome}/ilisc.reg" writeBitMode="32"/>
        <applyRegistryFile file="${ProductHome}/itstc.reg" writeBitMode="32"/>
        <applyRegistryFile file="${ProductHome}/mdxc.reg" writeBitMode="32"/>
        <applyRegistryFile file="${ProductHome}/obspc.reg" writeBitMode="32"/>
        <applyRegistryFile file="${ProductHome}/olapc.reg" writeBitMode="32"/>
        <applyRegistryFile file="${ProductHome}/omic.reg" writeBitMode="32"/>
        <applyRegistryFile file="${ProductHome}/stpc.reg" writeBitMode="32"/>
        <applyRegistryFile file="${ProductHome}/stsvc.reg" writeBitMode="32"/>
        <createWindowsShortcut>
            <delete>false</delete>
            <createForSingleUser>false</createForSingleUser>
            <folderName>SAS\Utilities</folderName>
            <displayName>${string_ITCLIENT.vpw.DisplayName}</displayName>
            <targetName>${ProductHome}\ITConfig2.exe</targetName>
            <arguments></arguments>
            <startDirectoryName>${ProductHome}</startDirectoryName>
        </createWindowsShortcut>
        <editRegistration action="addKey32">
            <hive>HKEY_LOCAL_MACHINE</hive>
            <key>SOFTWARE\SAS Institute Inc.\Common Data\Shared Files\Integration Technologies</key>
        </editRegistration>
        <editRegistration action="setValue32">
            <type>REG_SZ</type>
            <hive>HKEY_LOCAL_MACHINE</hive>
            <key>SOFTWARE\SAS Institute Inc.\Common Data\Shared Files\Integration Technologies</key>
            <name>Path</name>
            <data>${ProductHome}</data>
        </editRegistration>
        <editRegistration action="setValue32">
            <type>REG_SZ</type>
            <hive>HKEY_LOCAL_MACHINE</hive>
            <key>SOFTWARE\SAS Institute Inc.\Common Data\Shared Files\Integration Technologies</key>
            <name>@</name>
            <data>IntegrationTechnologies</data>
        </editRegistration>
        <editRegistration action="setValue32">
            <type>REG_SZ</type>
            <hive>HKEY_LOCAL_MACHINE</hive>
            <key>SOFTWARE\SAS Institute Inc.\Common Data\Shared Files\Integration Technologies</key>
            <name>Version</name>
            <data>${ProductVersion}</data>
        </editRegistration>
        <editRegistration action="addKey32">
            <hive>HKEY_LOCAL_MACHINE</hive>
            <key>SOFTWARE\SAS Institute Inc.\Common Data\Shared Files\Integration Technologies\Consumers\${SHAREDCOMPONENTCONSUMER}</key>
        </editRegistration>
        <runFileUtility action="delete">
            <delete>
                <file>${ProductHome}/itclient_install.xml</file>
            </delete>
        </runFileUtility>
        <editDeploymentRegistry action="removeInstall">
            <product>${12ByteCode}</product>
            <version>9.44</version>
            <host>${host}</host>
        </editDeploymentRegistry>
        <removeUninstallData version="9.44"/>
        <editDeploymentRegistry action="removeInstall">
            <product>${12ByteCode}</product>
            <version>9.43</version>
            <host>${host}</host>
        </editDeploymentRegistry>
        <removeUninstallData version="9.43"/>
        <editDeploymentRegistry action="removeInstall">
            <product>${12ByteCode}</product>
            <version>9.42</version>
            <host>${host}</host>
        </editDeploymentRegistry>
        <removeUninstallData version="9.42"/>
        <editDeploymentRegistry action="removeInstall">
            <product>${12ByteCode}</product>
            <version>9.41</version>
            <host>${host}</host>
        </editDeploymentRegistry>
        <removeUninstallData version="9.41"/>
        <editDeploymentRegistry action="removeInstall">
            <product>${12ByteCode}</product>
            <version>9.4</version>
            <host>${host}</host>
        </editDeploymentRegistry>
        <removeUninstallData version="9.4"/>
    </target>
</project>
