<?xml version="1.0" encoding="utf-8"?>
  <prodPkg alt_sku="itclient__94280__win__en__sp0__1" software_code="itclient" sequence_num="2430" lang="en" ver="94.280" doc="false"
  platform="WIN" sas_release="9.4" maint_level="0" status_code="prod" alt_sku_type="full" release_order="99.99" last_port_date="13SEP2017" empty_sku="false" indb="false">
    <custVer loc="en" v="9.45"/>
    <prodVer loc="en" v="9.45"/>
    <prodName loc="en" v="SAS Integration Technologies Client"/>
    <prodBranch v="v940m5"/>
    <reach v="customer"/>
    <prodDefn sku="itclient:99.99:39342e323830:win:1:prod:none" plat="win">
       <selectable v="true"/>
       <use_srw v="false"/>
       <use_jre v="true"/>
       <use_launcher v="false"/>
       <is_config v="false"/>
       <is_foundation v="false"/>
       <install type="interactive">
         <cmd v="install.xml"/>
         <args v=""/>
       </install>
       <install type="silent">
         <cmd v="install.xml"/>
         <args v=""/>
       </install>
    </prodDefn>
  </prodPkg>
