<?xml version="1.0" encoding="UTF-8" standalone="yes"?>
<ns2:zip xmlns:ns2="http://www.sas.com/installs/it/metadata">
    <contents>
        <entry name="SASWMan.dll" tkpatch="false" patch="false" patchval="" type="file" uninstall="true" reboot="false" equate="na" compareby="NONE" backup="true" altDests="" new="true"/>
        <entry name="sas.tlb" tkpatch="false" patch="false" patchval="" type="file" uninstall="true" reboot="false" equate="na" compareby="NONE" backup="true" altDests="" new="true"/>
        <entry name="LoggingService.dll" tkpatch="false" patch="false" patchval="" type="file" uninstall="true" reboot="false" equate="na" compareby="NONE" backup="true" altDests="" new="true"/>
        <entry name="SASOMan.dll" tkpatch="false" patch="false" patchval="" type="file" uninstall="true" reboot="false" equate="na" compareby="NONE" backup="true" altDests="" new="true"/>
        <entry name="IMLPlusServer.tlb" tkpatch="false" patch="false" patchval="" type="file" uninstall="true" reboot="false" equate="na" compareby="NONE" backup="true" altDests="" new="true"/>
        <entry name="SASIOMCommon.tlb" tkpatch="false" patch="false" patchval="" type="file" uninstall="true" reboot="false" equate="na" compareby="NONE" backup="true" altDests="" new="true"/>
        <entry name="arbor.tlb" tkpatch="false" patch="false" patchval="" type="file" uninstall="true" reboot="false" equate="na" compareby="NONE" backup="true" altDests="" new="true"/>
        <entry name="omi.tlb" tkpatch="false" patch="false" patchval="" type="file" uninstall="true" reboot="false" equate="na" compareby="NONE" backup="true" altDests="" new="true"/>
        <entry name="SASComb.dll" tkpatch="false" patch="false" patchval="" type="file" uninstall="true" reboot="false" equate="na" compareby="NONE" backup="true" altDests="" new="true"/>
        <entry name="asp.tlb" tkpatch="false" patch="false" patchval="" type="file" uninstall="true" reboot="false" equate="na" compareby="NONE" backup="true" altDests="" new="true"/>
        <entry name="sastableserver.tlb" tkpatch="false" patch="false" patchval="" type="file" uninstall="true" reboot="false" equate="na" compareby="NONE" backup="true" altDests="" new="true"/>
        <entry name="olap.tlb" tkpatch="false" patch="false" patchval="" type="file" uninstall="true" reboot="false" equate="na" compareby="NONE" backup="true" altDests="" new="true"/>
        <entry name="SASspk.dll" tkpatch="false" patch="false" patchval="" type="file" uninstall="true" reboot="false" equate="na" compareby="NONE" backup="true" altDests="" new="true"/>
        <entry name="mdx.tlb" tkpatch="false" patch="false" patchval="" type="file" uninstall="true" reboot="false" equate="na" compareby="NONE" backup="true" altDests="" new="true"/>
        <entry name="ObjectSpawner.tlb" tkpatch="false" patch="false" patchval="" type="file" uninstall="true" reboot="false" equate="na" compareby="NONE" backup="true" altDests="" new="true"/>
        <entry name="Scripto.dll" tkpatch="false" patch="false" patchval="" type="file" uninstall="true" reboot="false" equate="na" compareby="NONE" backup="true" altDests="" new="true"/>
        <entry name="sassps.dll" tkpatch="false" patch="false" patchval="" type="file" uninstall="true" reboot="false" equate="na" compareby="NONE" backup="true" altDests="" new="true"/>
        <entry name="sascache.tlb" tkpatch="false" patch="false" patchval="" type="file" uninstall="true" reboot="false" equate="na" compareby="NONE" backup="true" altDests="" new="true"/>
        <entry name="gms.tlb" tkpatch="false" patch="false" patchval="" type="file" uninstall="true" reboot="false" equate="na" compareby="NONE" backup="true" altDests="" new="true"/>
        <entry name="tst.tlb" tkpatch="false" patch="false" patchval="" type="file" uninstall="true" reboot="false" equate="na" compareby="NONE" backup="true" altDests="" new="true"/>
        <entry name="LoggingService.tlb" tkpatch="false" patch="false" patchval="" type="file" uninstall="true" reboot="false" equate="na" compareby="NONE" backup="true" altDests="" new="true"/>
        <entry name="stp.tlb" tkpatch="false" patch="false" patchval="" type="file" uninstall="true" reboot="false" equate="na" compareby="NONE" backup="true" altDests="" new="true"/>
    </contents>
</ns2:zip>
