<?xml version="1.0" encoding="UTF-8" standalone="yes"?>
<uninstallregistrydata>
    <editWindowsRegistry action="setValue32">
        <hive>HKEY_CLASSES_ROOT</hive>
        <key>SASArbor.Arboretum.1.0</key>
        <name>@</name>
        <data>SASArbor Arboretum (Ver 1.0)</data>
        <type>REG_SZ</type>
    </editWindowsRegistry>
    <editWindowsRegistry action="setValue32">
        <hive>HKEY_CLASSES_ROOT</hive>
        <key>SASArbor.Arboretum.1.0\CLSID</key>
        <name>@</name>
        <data>{7ED37EBB-ECAE-11D4-87AC-00C04F35B280}</data>
        <type>REG_SZ</type>
    </editWindowsRegistry>
    <editWindowsRegistry action="setValue32">
        <hive>HKEY_CLASSES_ROOT</hive>
        <key>CLSID\{7ED37EBB-ECAE-11D4-87AC-00C04F35B280}</key>
        <name>@</name>
        <data>SASArbor Arboretum (Ver 1.0)</data>
        <type>REG_SZ</type>
    </editWindowsRegistry>
    <editWindowsRegistry action="setValue32">
        <hive>HKEY_CLASSES_ROOT</hive>
        <key>CLSID\{7ED37EBB-ECAE-11D4-87AC-00C04F35B280}\ProgID</key>
        <name>@</name>
        <data>SASArbor.Arboretum.1.0</data>
        <type>REG_SZ</type>
    </editWindowsRegistry>
    <editWindowsRegistry action="setValue32">
        <hive>HKEY_CLASSES_ROOT</hive>
        <key>CLSID\{7ED37EBB-ECAE-11D4-87AC-00C04F35B280}\VersionIndependentProgID</key>
        <name>@</name>
        <data>SASArbor.Arboretum</data>
        <type>REG_SZ</type>
    </editWindowsRegistry>
    <editWindowsRegistry action="setValue32">
        <hive>HKEY_CLASSES_ROOT</hive>
        <key>CLSID\{7ED37EBB-ECAE-11D4-87AC-00C04F35B280}\TypeLib</key>
        <name>@</name>
        <data>{7ED37EA0-ECAE-11D4-87AC-00C04F35B280}</data>
        <type>REG_SZ</type>
    </editWindowsRegistry>
    <editWindowsRegistry action="setValue32">
        <hive>HKEY_CLASSES_ROOT</hive>
        <key>CLSID\{7ED37EBB-ECAE-11D4-87AC-00C04F35B280}\Version</key>
        <name>@</name>
        <data>1.1</data>
        <type>REG_SZ</type>
    </editWindowsRegistry>
    <editWindowsRegistry action="setValue32">
        <hive>HKEY_CLASSES_ROOT</hive>
        <key>SASArbor.Arboretum</key>
        <name>@</name>
        <data>SASArbor Arboretum</data>
        <type>REG_SZ</type>
    </editWindowsRegistry>
    <editWindowsRegistry action="setValue32">
        <hive>HKEY_CLASSES_ROOT</hive>
        <key>SASArbor.Arboretum\CLSID</key>
        <name>@</name>
        <data>{B2EEB4E4-39E5-40F5-98C4-0EB1493AE36B}</data>
        <type>REG_SZ</type>
    </editWindowsRegistry>
    <editWindowsRegistry action="setValue32">
        <hive>HKEY_CLASSES_ROOT</hive>
        <key>SASArbor.Arboretum\CurVer</key>
        <name>@</name>
        <data>SASArbor.Arboretum.1.1</data>
        <type>REG_SZ</type>
    </editWindowsRegistry>
    <editWindowsRegistry action="setValue32">
        <hive>HKEY_CLASSES_ROOT</hive>
        <key>SASArbor.Arboretum.1</key>
        <name>@</name>
        <data>SASArbor Arboretum (Ver 1.1)</data>
        <type>REG_SZ</type>
    </editWindowsRegistry>
    <editWindowsRegistry action="setValue32">
        <hive>HKEY_CLASSES_ROOT</hive>
        <key>SASArbor.Arboretum.1\CLSID</key>
        <name>@</name>
        <data>{B2EEB4E4-39E5-40F5-98C4-0EB1493AE36B}</data>
        <type>REG_SZ</type>
    </editWindowsRegistry>
    <editWindowsRegistry action="setValue32">
        <hive>HKEY_CLASSES_ROOT</hive>
        <key>SASArbor.Arboretum.1.1</key>
        <name>@</name>
        <data>SASArbor Arboretum (Ver 1.1)</data>
        <type>REG_SZ</type>
    </editWindowsRegistry>
    <editWindowsRegistry action="setValue32">
        <hive>HKEY_CLASSES_ROOT</hive>
        <key>SASArbor.Arboretum.1.1\CLSID</key>
        <name>@</name>
        <data>{B2EEB4E4-39E5-40F5-98C4-0EB1493AE36B}</data>
        <type>REG_SZ</type>
    </editWindowsRegistry>
    <editWindowsRegistry action="setValue32">
        <hive>HKEY_CLASSES_ROOT</hive>
        <key>CLSID\{B2EEB4E4-39E5-40F5-98C4-0EB1493AE36B}</key>
        <name>@</name>
        <data>SASArbor Arboretum (Ver 1.1)</data>
        <type>REG_SZ</type>
    </editWindowsRegistry>
    <editWindowsRegistry action="setValue32">
        <hive>HKEY_CLASSES_ROOT</hive>
        <key>CLSID\{B2EEB4E4-39E5-40F5-98C4-0EB1493AE36B}\ProgID</key>
        <name>@</name>
        <data>SASArbor.Arboretum.1.1</data>
        <type>REG_SZ</type>
    </editWindowsRegistry>
    <editWindowsRegistry action="setValue32">
        <hive>HKEY_CLASSES_ROOT</hive>
        <key>CLSID\{B2EEB4E4-39E5-40F5-98C4-0EB1493AE36B}\VersionIndependentProgID</key>
        <name>@</name>
        <data>SASArbor.Arboretum</data>
        <type>REG_SZ</type>
    </editWindowsRegistry>
    <editWindowsRegistry action="setValue32">
        <hive>HKEY_CLASSES_ROOT</hive>
        <key>CLSID\{B2EEB4E4-39E5-40F5-98C4-0EB1493AE36B}\TypeLib</key>
        <name>@</name>
        <data>{7ED37EA0-ECAE-11D4-87AC-00C04F35B280}</data>
        <type>REG_SZ</type>
    </editWindowsRegistry>
    <editWindowsRegistry action="setValue32">
        <hive>HKEY_CLASSES_ROOT</hive>
        <key>CLSID\{B2EEB4E4-39E5-40F5-98C4-0EB1493AE36B}\Version</key>
        <name>@</name>
        <data>1.1</data>
        <type>REG_SZ</type>
    </editWindowsRegistry>
    <editWindowsRegistry action="setValue32">
        <hive>HKEY_CLASSES_ROOT</hive>
        <key>SAS.Workspace.1.0</key>
        <name>@</name>
        <data>SAS Workspace (Ver 1.0)</data>
        <type>REG_SZ</type>
    </editWindowsRegistry>
    <editWindowsRegistry action="setValue32">
        <hive>HKEY_CLASSES_ROOT</hive>
        <key>SAS.Workspace.1.0\CLSID</key>
        <name>@</name>
        <data>{440196D4-90F0-11D0-9F41-00A024BB830C}</data>
        <type>REG_SZ</type>
    </editWindowsRegistry>
    <editWindowsRegistry action="setValue32">
        <hive>HKEY_CLASSES_ROOT</hive>
        <key>CLSID\{440196D4-90F0-11D0-9F41-00A024BB830C}</key>
        <name>@</name>
        <data>SAS Workspace (Ver 1.0)</data>
        <type>REG_SZ</type>
    </editWindowsRegistry>
    <editWindowsRegistry action="setValue32">
        <hive>HKEY_CLASSES_ROOT</hive>
        <key>CLSID\{440196D4-90F0-11D0-9F41-00A024BB830C}\ProgID</key>
        <name>@</name>
        <data>SAS.Workspace.1.0</data>
        <type>REG_SZ</type>
    </editWindowsRegistry>
    <editWindowsRegistry action="setValue32">
        <hive>HKEY_CLASSES_ROOT</hive>
        <key>CLSID\{440196D4-90F0-11D0-9F41-00A024BB830C}\VersionIndependentProgID</key>
        <name>@</name>
        <data>SAS.Workspace</data>
        <type>REG_SZ</type>
    </editWindowsRegistry>
    <editWindowsRegistry action="setValue32">
        <hive>HKEY_CLASSES_ROOT</hive>
        <key>CLSID\{440196D4-90F0-11D0-9F41-00A024BB830C}\TypeLib</key>
        <name>@</name>
        <data>{2D91F006-62A7-11D0-9F3D-00A024BB830C}</data>
        <type>REG_SZ</type>
    </editWindowsRegistry>
    <editWindowsRegistry action="setValue32">
        <hive>HKEY_CLASSES_ROOT</hive>
        <key>CLSID\{440196D4-90F0-11D0-9F41-00A024BB830C}\Version</key>
        <name>@</name>
        <data>1.6</data>
        <type>REG_SZ</type>
    </editWindowsRegistry>
    <editWindowsRegistry action="setValue32">
        <hive>HKEY_CLASSES_ROOT</hive>
        <key>SAS.Workspace.1.1</key>
        <name>@</name>
        <data>SAS Workspace (Ver 1.1)</data>
        <type>REG_SZ</type>
    </editWindowsRegistry>
    <editWindowsRegistry action="setValue32">
        <hive>HKEY_CLASSES_ROOT</hive>
        <key>SAS.Workspace.1.1\CLSID</key>
        <name>@</name>
        <data>{CF7BC7E6-C7E8-11D5-87E3-00C04F38F9F6}</data>
        <type>REG_SZ</type>
    </editWindowsRegistry>
    <editWindowsRegistry action="setValue32">
        <hive>HKEY_CLASSES_ROOT</hive>
        <key>CLSID\{CF7BC7E6-C7E8-11D5-87E3-00C04F38F9F6}</key>
        <name>@</name>
        <data>SAS Workspace (Ver 1.1)</data>
        <type>REG_SZ</type>
    </editWindowsRegistry>
    <editWindowsRegistry action="setValue32">
        <hive>HKEY_CLASSES_ROOT</hive>
        <key>CLSID\{CF7BC7E6-C7E8-11D5-87E3-00C04F38F9F6}\ProgID</key>
        <name>@</name>
        <data>SAS.Workspace.1.1</data>
        <type>REG_SZ</type>
    </editWindowsRegistry>
    <editWindowsRegistry action="setValue32">
        <hive>HKEY_CLASSES_ROOT</hive>
        <key>CLSID\{CF7BC7E6-C7E8-11D5-87E3-00C04F38F9F6}\VersionIndependentProgID</key>
        <name>@</name>
        <data>SAS.Workspace</data>
        <type>REG_SZ</type>
    </editWindowsRegistry>
    <editWindowsRegistry action="setValue32">
        <hive>HKEY_CLASSES_ROOT</hive>
        <key>CLSID\{CF7BC7E6-C7E8-11D5-87E3-00C04F38F9F6}\TypeLib</key>
        <name>@</name>
        <data>{2D91F006-62A7-11D0-9F3D-00A024BB830C}</data>
        <type>REG_SZ</type>
    </editWindowsRegistry>
    <editWindowsRegistry action="setValue32">
        <hive>HKEY_CLASSES_ROOT</hive>
        <key>CLSID\{CF7BC7E6-C7E8-11D5-87E3-00C04F38F9F6}\Version</key>
        <name>@</name>
        <data>1.6</data>
        <type>REG_SZ</type>
    </editWindowsRegistry>
    <editWindowsRegistry action="setValue32">
        <hive>HKEY_CLASSES_ROOT</hive>
        <key>SAS.Workspace.1.2</key>
        <name>@</name>
        <data>SAS Workspace (Ver 1.2)</data>
        <type>REG_SZ</type>
    </editWindowsRegistry>
    <editWindowsRegistry action="setValue32">
        <hive>HKEY_CLASSES_ROOT</hive>
        <key>SAS.Workspace.1.2\CLSID</key>
        <name>@</name>
        <data>{E251B1BF-8E46-4CBE-AD83-6389185bA373}</data>
        <type>REG_SZ</type>
    </editWindowsRegistry>
    <editWindowsRegistry action="setValue32">
        <hive>HKEY_CLASSES_ROOT</hive>
        <key>CLSID\{E251B1BF-8E46-4CBE-AD83-6389185bA373}</key>
        <name>@</name>
        <data>SAS Workspace (Ver 1.2)</data>
        <type>REG_SZ</type>
    </editWindowsRegistry>
    <editWindowsRegistry action="setValue32">
        <hive>HKEY_CLASSES_ROOT</hive>
        <key>CLSID\{E251B1BF-8E46-4CBE-AD83-6389185bA373}\ProgID</key>
        <name>@</name>
        <data>SAS.Workspace.1.2</data>
        <type>REG_SZ</type>
    </editWindowsRegistry>
    <editWindowsRegistry action="setValue32">
        <hive>HKEY_CLASSES_ROOT</hive>
        <key>CLSID\{E251B1BF-8E46-4CBE-AD83-6389185bA373}\VersionIndependentProgID</key>
        <name>@</name>
        <data>SAS.Workspace</data>
        <type>REG_SZ</type>
    </editWindowsRegistry>
    <editWindowsRegistry action="setValue32">
        <hive>HKEY_CLASSES_ROOT</hive>
        <key>CLSID\{E251B1BF-8E46-4CBE-AD83-6389185bA373}\TypeLib</key>
        <name>@</name>
        <data>{2D91F006-62A7-11D0-9F3D-00A024BB830C}</data>
        <type>REG_SZ</type>
    </editWindowsRegistry>
    <editWindowsRegistry action="setValue32">
        <hive>HKEY_CLASSES_ROOT</hive>
        <key>CLSID\{E251B1BF-8E46-4CBE-AD83-6389185bA373}\Version</key>
        <name>@</name>
        <data>1.6</data>
        <type>REG_SZ</type>
    </editWindowsRegistry>
    <editWindowsRegistry action="setValue32">
        <hive>HKEY_CLASSES_ROOT</hive>
        <key>SAS.Workspace.1.3</key>
        <name>@</name>
        <data>SAS Workspace (Ver 1.3)</data>
        <type>REG_SZ</type>
    </editWindowsRegistry>
    <editWindowsRegistry action="setValue32">
        <hive>HKEY_CLASSES_ROOT</hive>
        <key>SAS.Workspace.1.3\CLSID</key>
        <name>@</name>
        <data>{081d5c22-7b63-433a-9a65-12a8d276bcc9}</data>
        <type>REG_SZ</type>
    </editWindowsRegistry>
    <editWindowsRegistry action="setValue32">
        <hive>HKEY_CLASSES_ROOT</hive>
        <key>CLSID\{081d5c22-7b63-433a-9a65-12a8d276bcc9}</key>
        <name>@</name>
        <data>SAS Workspace (Ver 1.3)</data>
        <type>REG_SZ</type>
    </editWindowsRegistry>
    <editWindowsRegistry action="setValue32">
        <hive>HKEY_CLASSES_ROOT</hive>
        <key>CLSID\{081d5c22-7b63-433a-9a65-12a8d276bcc9}\ProgID</key>
        <name>@</name>
        <data>SAS.Workspace.1.3</data>
        <type>REG_SZ</type>
    </editWindowsRegistry>
    <editWindowsRegistry action="setValue32">
        <hive>HKEY_CLASSES_ROOT</hive>
        <key>CLSID\{081d5c22-7b63-433a-9a65-12a8d276bcc9}\VersionIndependentProgID</key>
        <name>@</name>
        <data>SAS.Workspace</data>
        <type>REG_SZ</type>
    </editWindowsRegistry>
    <editWindowsRegistry action="setValue32">
        <hive>HKEY_CLASSES_ROOT</hive>
        <key>CLSID\{081d5c22-7b63-433a-9a65-12a8d276bcc9}\TypeLib</key>
        <name>@</name>
        <data>{2D91F006-62A7-11D0-9F3D-00A024BB830C}</data>
        <type>REG_SZ</type>
    </editWindowsRegistry>
    <editWindowsRegistry action="setValue32">
        <hive>HKEY_CLASSES_ROOT</hive>
        <key>CLSID\{081d5c22-7b63-433a-9a65-12a8d276bcc9}\Version</key>
        <name>@</name>
        <data>1.6</data>
        <type>REG_SZ</type>
    </editWindowsRegistry>
    <editWindowsRegistry action="setValue32">
        <hive>HKEY_CLASSES_ROOT</hive>
        <key>SAS.Workspace</key>
        <name>@</name>
        <data>SAS Workspace</data>
        <type>REG_SZ</type>
    </editWindowsRegistry>
    <editWindowsRegistry action="setValue32">
        <hive>HKEY_CLASSES_ROOT</hive>
        <key>SAS.Workspace\CLSID</key>
        <name>@</name>
        <data>{20001C16-05D1-4706-9BD2-1782B8575063}</data>
        <type>REG_SZ</type>
    </editWindowsRegistry>
    <editWindowsRegistry action="setValue32">
        <hive>HKEY_CLASSES_ROOT</hive>
        <key>SAS.Workspace\CurVer</key>
        <name>@</name>
        <data>SAS.Workspace.1.4</data>
        <type>REG_SZ</type>
    </editWindowsRegistry>
    <editWindowsRegistry action="setValue32">
        <hive>HKEY_CLASSES_ROOT</hive>
        <key>SAS.Workspace.1</key>
        <name>@</name>
        <data>SAS Workspace (Ver 1.4)</data>
        <type>REG_SZ</type>
    </editWindowsRegistry>
    <editWindowsRegistry action="setValue32">
        <hive>HKEY_CLASSES_ROOT</hive>
        <key>SAS.Workspace.1\CLSID</key>
        <name>@</name>
        <data>{20001C16-05D1-4706-9BD2-1782B8575063}</data>
        <type>REG_SZ</type>
    </editWindowsRegistry>
    <editWindowsRegistry action="setValue32">
        <hive>HKEY_CLASSES_ROOT</hive>
        <key>SAS.Workspace.1.4</key>
        <name>@</name>
        <data>SAS Workspace (Ver 1.4)</data>
        <type>REG_SZ</type>
    </editWindowsRegistry>
    <editWindowsRegistry action="setValue32">
        <hive>HKEY_CLASSES_ROOT</hive>
        <key>SAS.Workspace.1.4\CLSID</key>
        <name>@</name>
        <data>{20001C16-05D1-4706-9BD2-1782B8575063}</data>
        <type>REG_SZ</type>
    </editWindowsRegistry>
    <editWindowsRegistry action="setValue32">
        <hive>HKEY_CLASSES_ROOT</hive>
        <key>CLSID\{20001C16-05D1-4706-9BD2-1782B8575063}</key>
        <name>@</name>
        <data>SAS Workspace (Ver 1.4)</data>
        <type>REG_SZ</type>
    </editWindowsRegistry>
    <editWindowsRegistry action="setValue32">
        <hive>HKEY_CLASSES_ROOT</hive>
        <key>CLSID\{20001C16-05D1-4706-9BD2-1782B8575063}\ProgID</key>
        <name>@</name>
        <data>SAS.Workspace.1.4</data>
        <type>REG_SZ</type>
    </editWindowsRegistry>
    <editWindowsRegistry action="setValue32">
        <hive>HKEY_CLASSES_ROOT</hive>
        <key>CLSID\{20001C16-05D1-4706-9BD2-1782B8575063}\VersionIndependentProgID</key>
        <name>@</name>
        <data>SAS.Workspace</data>
        <type>REG_SZ</type>
    </editWindowsRegistry>
    <editWindowsRegistry action="setValue32">
        <hive>HKEY_CLASSES_ROOT</hive>
        <key>CLSID\{20001C16-05D1-4706-9BD2-1782B8575063}\TypeLib</key>
        <name>@</name>
        <data>{2D91F006-62A7-11D0-9F3D-00A024BB830C}</data>
        <type>REG_SZ</type>
    </editWindowsRegistry>
    <editWindowsRegistry action="setValue32">
        <hive>HKEY_CLASSES_ROOT</hive>
        <key>CLSID\{20001C16-05D1-4706-9BD2-1782B8575063}\Version</key>
        <name>@</name>
        <data>1.6</data>
        <type>REG_SZ</type>
    </editWindowsRegistry>
    <editWindowsRegistry action="setValue32">
        <hive>HKEY_CLASSES_ROOT</hive>
        <key>SASIOMCommon.LaunchedIOMServer.1.0</key>
        <name>@</name>
        <data>SASIOMCommon LaunchedIOMServer (Ver 1.0)</data>
        <type>REG_SZ</type>
    </editWindowsRegistry>
    <editWindowsRegistry action="setValue32">
        <hive>HKEY_CLASSES_ROOT</hive>
        <key>SASIOMCommon.LaunchedIOMServer.1.0\CLSID</key>
        <name>@</name>
        <data>{08523704-C6D4-4672-9BF0-1C5D0EA690F7}</data>
        <type>REG_SZ</type>
    </editWindowsRegistry>
    <editWindowsRegistry action="setValue32">
        <hive>HKEY_CLASSES_ROOT</hive>
        <key>CLSID\{08523704-C6D4-4672-9BF0-1C5D0EA690F7}</key>
        <name>@</name>
        <data>SASIOMCommon LaunchedIOMServer (Ver 1.0)</data>
        <type>REG_SZ</type>
    </editWindowsRegistry>
    <editWindowsRegistry action="setValue32">
        <hive>HKEY_CLASSES_ROOT</hive>
        <key>CLSID\{08523704-C6D4-4672-9BF0-1C5D0EA690F7}\ProgID</key>
        <name>@</name>
        <data>SASIOMCommon.LaunchedIOMServer.1.0</data>
        <type>REG_SZ</type>
    </editWindowsRegistry>
    <editWindowsRegistry action="setValue32">
        <hive>HKEY_CLASSES_ROOT</hive>
        <key>CLSID\{08523704-C6D4-4672-9BF0-1C5D0EA690F7}\VersionIndependentProgID</key>
        <name>@</name>
        <data>SASIOMCommon.LaunchedIOMServer</data>
        <type>REG_SZ</type>
    </editWindowsRegistry>
    <editWindowsRegistry action="setValue32">
        <hive>HKEY_CLASSES_ROOT</hive>
        <key>CLSID\{08523704-C6D4-4672-9BF0-1C5D0EA690F7}\TypeLib</key>
        <name>@</name>
        <data>{DEF79723-2526-11D5-883F-00C04F48BC53}</data>
        <type>REG_SZ</type>
    </editWindowsRegistry>
    <editWindowsRegistry action="setValue32">
        <hive>HKEY_CLASSES_ROOT</hive>
        <key>CLSID\{08523704-C6D4-4672-9BF0-1C5D0EA690F7}\Version</key>
        <name>@</name>
        <data>1.3</data>
        <type>REG_SZ</type>
    </editWindowsRegistry>
    <editWindowsRegistry action="setValue32">
        <hive>HKEY_CLASSES_ROOT</hive>
        <key>SASIOMCommon.LaunchedIOMServer</key>
        <name>@</name>
        <data>SASIOMCommon LaunchedIOMServer</data>
        <type>REG_SZ</type>
    </editWindowsRegistry>
    <editWindowsRegistry action="setValue32">
        <hive>HKEY_CLASSES_ROOT</hive>
        <key>SASIOMCommon.LaunchedIOMServer\CLSID</key>
        <name>@</name>
        <data>{4E9196F3-92ED-4E82-908D-E3C69FBBA999}</data>
        <type>REG_SZ</type>
    </editWindowsRegistry>
    <editWindowsRegistry action="setValue32">
        <hive>HKEY_CLASSES_ROOT</hive>
        <key>SASIOMCommon.LaunchedIOMServer\CurVer</key>
        <name>@</name>
        <data>SASIOMCommon.LaunchedIOMServer.1.1</data>
        <type>REG_SZ</type>
    </editWindowsRegistry>
    <editWindowsRegistry action="setValue32">
        <hive>HKEY_CLASSES_ROOT</hive>
        <key>SASIOMCommon.LaunchedIOMServer.1</key>
        <name>@</name>
        <data>SASIOMCommon LaunchedIOMServer (Ver 1.1)</data>
        <type>REG_SZ</type>
    </editWindowsRegistry>
    <editWindowsRegistry action="setValue32">
        <hive>HKEY_CLASSES_ROOT</hive>
        <key>SASIOMCommon.LaunchedIOMServer.1\CLSID</key>
        <name>@</name>
        <data>{4E9196F3-92ED-4E82-908D-E3C69FBBA999}</data>
        <type>REG_SZ</type>
    </editWindowsRegistry>
    <editWindowsRegistry action="setValue32">
        <hive>HKEY_CLASSES_ROOT</hive>
        <key>SASIOMCommon.LaunchedIOMServer.1.1</key>
        <name>@</name>
        <data>SASIOMCommon LaunchedIOMServer (Ver 1.1)</data>
        <type>REG_SZ</type>
    </editWindowsRegistry>
    <editWindowsRegistry action="setValue32">
        <hive>HKEY_CLASSES_ROOT</hive>
        <key>SASIOMCommon.LaunchedIOMServer.1.1\CLSID</key>
        <name>@</name>
        <data>{4E9196F3-92ED-4E82-908D-E3C69FBBA999}</data>
        <type>REG_SZ</type>
    </editWindowsRegistry>
    <editWindowsRegistry action="setValue32">
        <hive>HKEY_CLASSES_ROOT</hive>
        <key>CLSID\{4E9196F3-92ED-4E82-908D-E3C69FBBA999}</key>
        <name>@</name>
        <data>SASIOMCommon LaunchedIOMServer (Ver 1.1)</data>
        <type>REG_SZ</type>
    </editWindowsRegistry>
    <editWindowsRegistry action="setValue32">
        <hive>HKEY_CLASSES_ROOT</hive>
        <key>CLSID\{4E9196F3-92ED-4E82-908D-E3C69FBBA999}\ProgID</key>
        <name>@</name>
        <data>SASIOMCommon.LaunchedIOMServer.1.1</data>
        <type>REG_SZ</type>
    </editWindowsRegistry>
    <editWindowsRegistry action="setValue32">
        <hive>HKEY_CLASSES_ROOT</hive>
        <key>CLSID\{4E9196F3-92ED-4E82-908D-E3C69FBBA999}\VersionIndependentProgID</key>
        <name>@</name>
        <data>SASIOMCommon.LaunchedIOMServer</data>
        <type>REG_SZ</type>
    </editWindowsRegistry>
    <editWindowsRegistry action="setValue32">
        <hive>HKEY_CLASSES_ROOT</hive>
        <key>CLSID\{4E9196F3-92ED-4E82-908D-E3C69FBBA999}\TypeLib</key>
        <name>@</name>
        <data>{DEF79723-2526-11D5-883F-00C04F48BC53}</data>
        <type>REG_SZ</type>
    </editWindowsRegistry>
    <editWindowsRegistry action="setValue32">
        <hive>HKEY_CLASSES_ROOT</hive>
        <key>CLSID\{4E9196F3-92ED-4E82-908D-E3C69FBBA999}\Version</key>
        <name>@</name>
        <data>1.3</data>
        <type>REG_SZ</type>
    </editWindowsRegistry>
    <editWindowsRegistry action="setValue32">
        <hive>HKEY_CLASSES_ROOT</hive>
        <key>IOMTST.TestTypes.1.0</key>
        <name>@</name>
        <data>IOMTST TestTypes (Ver 1.0)</data>
        <type>REG_SZ</type>
    </editWindowsRegistry>
    <editWindowsRegistry action="setValue32">
        <hive>HKEY_CLASSES_ROOT</hive>
        <key>IOMTST.TestTypes.1.0\CLSID</key>
        <name>@</name>
        <data>{65B5C950-883D-11D1-8278-00A024A41CC8}</data>
        <type>REG_SZ</type>
    </editWindowsRegistry>
    <editWindowsRegistry action="setValue32">
        <hive>HKEY_CLASSES_ROOT</hive>
        <key>CLSID\{65B5C950-883D-11D1-8278-00A024A41CC8}</key>
        <name>@</name>
        <data>IOMTST TestTypes (Ver 1.0)</data>
        <type>REG_SZ</type>
    </editWindowsRegistry>
    <editWindowsRegistry action="setValue32">
        <hive>HKEY_CLASSES_ROOT</hive>
        <key>CLSID\{65B5C950-883D-11D1-8278-00A024A41CC8}\ProgID</key>
        <name>@</name>
        <data>IOMTST.TestTypes.1.0</data>
        <type>REG_SZ</type>
    </editWindowsRegistry>
    <editWindowsRegistry action="setValue32">
        <hive>HKEY_CLASSES_ROOT</hive>
        <key>CLSID\{65B5C950-883D-11D1-8278-00A024A41CC8}\VersionIndependentProgID</key>
        <name>@</name>
        <data>IOMTST.TestTypes</data>
        <type>REG_SZ</type>
    </editWindowsRegistry>
    <editWindowsRegistry action="setValue32">
        <hive>HKEY_CLASSES_ROOT</hive>
        <key>CLSID\{65B5C950-883D-11D1-8278-00A024A41CC8}\TypeLib</key>
        <name>@</name>
        <data>{2A216780-BC52-11D2-B94F-00C04F81B63A}</data>
        <type>REG_SZ</type>
    </editWindowsRegistry>
    <editWindowsRegistry action="setValue32">
        <hive>HKEY_CLASSES_ROOT</hive>
        <key>CLSID\{65B5C950-883D-11D1-8278-00A024A41CC8}\Version</key>
        <name>@</name>
        <data>1.3</data>
        <type>REG_SZ</type>
    </editWindowsRegistry>
    <editWindowsRegistry action="setValue32">
        <hive>HKEY_CLASSES_ROOT</hive>
        <key>IOMTST.TestTypes.1.1</key>
        <name>@</name>
        <data>IOMTST TestTypes (Ver 1.1)</data>
        <type>REG_SZ</type>
    </editWindowsRegistry>
    <editWindowsRegistry action="setValue32">
        <hive>HKEY_CLASSES_ROOT</hive>
        <key>IOMTST.TestTypes.1.1\CLSID</key>
        <name>@</name>
        <data>{E4D86801-9254-11D5-87B7-00C04F35B280}</data>
        <type>REG_SZ</type>
    </editWindowsRegistry>
    <editWindowsRegistry action="setValue32">
        <hive>HKEY_CLASSES_ROOT</hive>
        <key>CLSID\{E4D86801-9254-11D5-87B7-00C04F35B280}</key>
        <name>@</name>
        <data>IOMTST TestTypes (Ver 1.1)</data>
        <type>REG_SZ</type>
    </editWindowsRegistry>
    <editWindowsRegistry action="setValue32">
        <hive>HKEY_CLASSES_ROOT</hive>
        <key>CLSID\{E4D86801-9254-11D5-87B7-00C04F35B280}\ProgID</key>
        <name>@</name>
        <data>IOMTST.TestTypes.1.1</data>
        <type>REG_SZ</type>
    </editWindowsRegistry>
    <editWindowsRegistry action="setValue32">
        <hive>HKEY_CLASSES_ROOT</hive>
        <key>CLSID\{E4D86801-9254-11D5-87B7-00C04F35B280}\VersionIndependentProgID</key>
        <name>@</name>
        <data>IOMTST.TestTypes</data>
        <type>REG_SZ</type>
    </editWindowsRegistry>
    <editWindowsRegistry action="setValue32">
        <hive>HKEY_CLASSES_ROOT</hive>
        <key>CLSID\{E4D86801-9254-11D5-87B7-00C04F35B280}\TypeLib</key>
        <name>@</name>
        <data>{2A216780-BC52-11D2-B94F-00C04F81B63A}</data>
        <type>REG_SZ</type>
    </editWindowsRegistry>
    <editWindowsRegistry action="setValue32">
        <hive>HKEY_CLASSES_ROOT</hive>
        <key>CLSID\{E4D86801-9254-11D5-87B7-00C04F35B280}\Version</key>
        <name>@</name>
        <data>1.3</data>
        <type>REG_SZ</type>
    </editWindowsRegistry>
    <editWindowsRegistry action="setValue32">
        <hive>HKEY_CLASSES_ROOT</hive>
        <key>IOMTST.TestTypes.1.2</key>
        <name>@</name>
        <data>IOMTST TestTypes (Ver 1.2)</data>
        <type>REG_SZ</type>
    </editWindowsRegistry>
    <editWindowsRegistry action="setValue32">
        <hive>HKEY_CLASSES_ROOT</hive>
        <key>IOMTST.TestTypes.1.2\CLSID</key>
        <name>@</name>
        <data>{CA0E91C3-DD6C-4E21-9BDF-26E4EB5D5731}</data>
        <type>REG_SZ</type>
    </editWindowsRegistry>
    <editWindowsRegistry action="setValue32">
        <hive>HKEY_CLASSES_ROOT</hive>
        <key>CLSID\{CA0E91C3-DD6C-4E21-9BDF-26E4EB5D5731}</key>
        <name>@</name>
        <data>IOMTST TestTypes (Ver 1.2)</data>
        <type>REG_SZ</type>
    </editWindowsRegistry>
    <editWindowsRegistry action="setValue32">
        <hive>HKEY_CLASSES_ROOT</hive>
        <key>CLSID\{CA0E91C3-DD6C-4E21-9BDF-26E4EB5D5731}\ProgID</key>
        <name>@</name>
        <data>IOMTST.TestTypes.1.2</data>
        <type>REG_SZ</type>
    </editWindowsRegistry>
    <editWindowsRegistry action="setValue32">
        <hive>HKEY_CLASSES_ROOT</hive>
        <key>CLSID\{CA0E91C3-DD6C-4E21-9BDF-26E4EB5D5731}\VersionIndependentProgID</key>
        <name>@</name>
        <data>IOMTST.TestTypes</data>
        <type>REG_SZ</type>
    </editWindowsRegistry>
    <editWindowsRegistry action="setValue32">
        <hive>HKEY_CLASSES_ROOT</hive>
        <key>CLSID\{CA0E91C3-DD6C-4E21-9BDF-26E4EB5D5731}\TypeLib</key>
        <name>@</name>
        <data>{2A216780-BC52-11D2-B94F-00C04F81B63A}</data>
        <type>REG_SZ</type>
    </editWindowsRegistry>
    <editWindowsRegistry action="setValue32">
        <hive>HKEY_CLASSES_ROOT</hive>
        <key>CLSID\{CA0E91C3-DD6C-4E21-9BDF-26E4EB5D5731}\Version</key>
        <name>@</name>
        <data>1.3</data>
        <type>REG_SZ</type>
    </editWindowsRegistry>
    <editWindowsRegistry action="setValue32">
        <hive>HKEY_CLASSES_ROOT</hive>
        <key>IOMTST.TestTypes</key>
        <name>@</name>
        <data>IOMTST TestTypes</data>
        <type>REG_SZ</type>
    </editWindowsRegistry>
    <editWindowsRegistry action="setValue32">
        <hive>HKEY_CLASSES_ROOT</hive>
        <key>IOMTST.TestTypes\CLSID</key>
        <name>@</name>
        <data>{EA75EC19-920B-42C1-83F1-515BAB45C766}</data>
        <type>REG_SZ</type>
    </editWindowsRegistry>
    <editWindowsRegistry action="setValue32">
        <hive>HKEY_CLASSES_ROOT</hive>
        <key>IOMTST.TestTypes\CurVer</key>
        <name>@</name>
        <data>IOMTST.TestTypes.1.3</data>
        <type>REG_SZ</type>
    </editWindowsRegistry>
    <editWindowsRegistry action="setValue32">
        <hive>HKEY_CLASSES_ROOT</hive>
        <key>IOMTST.TestTypes.1</key>
        <name>@</name>
        <data>IOMTST TestTypes (Ver 1.3)</data>
        <type>REG_SZ</type>
    </editWindowsRegistry>
    <editWindowsRegistry action="setValue32">
        <hive>HKEY_CLASSES_ROOT</hive>
        <key>IOMTST.TestTypes.1\CLSID</key>
        <name>@</name>
        <data>{EA75EC19-920B-42C1-83F1-515BAB45C766}</data>
        <type>REG_SZ</type>
    </editWindowsRegistry>
    <editWindowsRegistry action="setValue32">
        <hive>HKEY_CLASSES_ROOT</hive>
        <key>IOMTST.TestTypes.1.3</key>
        <name>@</name>
        <data>IOMTST TestTypes (Ver 1.3)</data>
        <type>REG_SZ</type>
    </editWindowsRegistry>
    <editWindowsRegistry action="setValue32">
        <hive>HKEY_CLASSES_ROOT</hive>
        <key>IOMTST.TestTypes.1.3\CLSID</key>
        <name>@</name>
        <data>{EA75EC19-920B-42C1-83F1-515BAB45C766}</data>
        <type>REG_SZ</type>
    </editWindowsRegistry>
    <editWindowsRegistry action="setValue32">
        <hive>HKEY_CLASSES_ROOT</hive>
        <key>CLSID\{EA75EC19-920B-42C1-83F1-515BAB45C766}</key>
        <name>@</name>
        <data>IOMTST TestTypes (Ver 1.3)</data>
        <type>REG_SZ</type>
    </editWindowsRegistry>
    <editWindowsRegistry action="setValue32">
        <hive>HKEY_CLASSES_ROOT</hive>
        <key>CLSID\{EA75EC19-920B-42C1-83F1-515BAB45C766}\ProgID</key>
        <name>@</name>
        <data>IOMTST.TestTypes.1.3</data>
        <type>REG_SZ</type>
    </editWindowsRegistry>
    <editWindowsRegistry action="setValue32">
        <hive>HKEY_CLASSES_ROOT</hive>
        <key>CLSID\{EA75EC19-920B-42C1-83F1-515BAB45C766}\VersionIndependentProgID</key>
        <name>@</name>
        <data>IOMTST.TestTypes</data>
        <type>REG_SZ</type>
    </editWindowsRegistry>
    <editWindowsRegistry action="setValue32">
        <hive>HKEY_CLASSES_ROOT</hive>
        <key>CLSID\{EA75EC19-920B-42C1-83F1-515BAB45C766}\TypeLib</key>
        <name>@</name>
        <data>{2A216780-BC52-11D2-B94F-00C04F81B63A}</data>
        <type>REG_SZ</type>
    </editWindowsRegistry>
    <editWindowsRegistry action="setValue32">
        <hive>HKEY_CLASSES_ROOT</hive>
        <key>CLSID\{EA75EC19-920B-42C1-83F1-515BAB45C766}\Version</key>
        <name>@</name>
        <data>1.3</data>
        <type>REG_SZ</type>
    </editWindowsRegistry>
    <editWindowsRegistry action="setValue32">
        <hive>HKEY_CLASSES_ROOT</hive>
        <key>SASMDX.Server.1.0</key>
        <name>@</name>
        <data>SASMDX Server (Ver 1.0)</data>
        <type>REG_SZ</type>
    </editWindowsRegistry>
    <editWindowsRegistry action="setValue32">
        <hive>HKEY_CLASSES_ROOT</hive>
        <key>SASMDX.Server.1.0\CLSID</key>
        <name>@</name>
        <data>{F3F46472-1E31-11D5-87C2-00C04F38F9F6}</data>
        <type>REG_SZ</type>
    </editWindowsRegistry>
    <editWindowsRegistry action="setValue32">
        <hive>HKEY_CLASSES_ROOT</hive>
        <key>CLSID\{F3F46472-1E31-11D5-87C2-00C04F38F9F6}</key>
        <name>@</name>
        <data>SASMDX Server (Ver 1.0)</data>
        <type>REG_SZ</type>
    </editWindowsRegistry>
    <editWindowsRegistry action="setValue32">
        <hive>HKEY_CLASSES_ROOT</hive>
        <key>CLSID\{F3F46472-1E31-11D5-87C2-00C04F38F9F6}\ProgID</key>
        <name>@</name>
        <data>SASMDX.Server.1.0</data>
        <type>REG_SZ</type>
    </editWindowsRegistry>
    <editWindowsRegistry action="setValue32">
        <hive>HKEY_CLASSES_ROOT</hive>
        <key>CLSID\{F3F46472-1E31-11D5-87C2-00C04F38F9F6}\VersionIndependentProgID</key>
        <name>@</name>
        <data>SASMDX.Server</data>
        <type>REG_SZ</type>
    </editWindowsRegistry>
    <editWindowsRegistry action="setValue32">
        <hive>HKEY_CLASSES_ROOT</hive>
        <key>CLSID\{F3F46472-1E31-11D5-87C2-00C04F38F9F6}\TypeLib</key>
        <name>@</name>
        <data>{F534C420-1D65-11D5-87C2-00C04F38F9F6}</data>
        <type>REG_SZ</type>
    </editWindowsRegistry>
    <editWindowsRegistry action="setValue32">
        <hive>HKEY_CLASSES_ROOT</hive>
        <key>CLSID\{F3F46472-1E31-11D5-87C2-00C04F38F9F6}\Version</key>
        <name>@</name>
        <data>1.4</data>
        <type>REG_SZ</type>
    </editWindowsRegistry>
    <editWindowsRegistry action="setValue32">
        <hive>HKEY_CLASSES_ROOT</hive>
        <key>SASMDX.Server.1.1</key>
        <name>@</name>
        <data>SASMDX Server (Ver 1.1)</data>
        <type>REG_SZ</type>
    </editWindowsRegistry>
    <editWindowsRegistry action="setValue32">
        <hive>HKEY_CLASSES_ROOT</hive>
        <key>SASMDX.Server.1.1\CLSID</key>
        <name>@</name>
        <data>{964EE099-8B76-43D6-B6C5-90190DBEC5A0}</data>
        <type>REG_SZ</type>
    </editWindowsRegistry>
    <editWindowsRegistry action="setValue32">
        <hive>HKEY_CLASSES_ROOT</hive>
        <key>CLSID\{964EE099-8B76-43D6-B6C5-90190DBEC5A0}</key>
        <name>@</name>
        <data>SASMDX Server (Ver 1.1)</data>
        <type>REG_SZ</type>
    </editWindowsRegistry>
    <editWindowsRegistry action="setValue32">
        <hive>HKEY_CLASSES_ROOT</hive>
        <key>CLSID\{964EE099-8B76-43D6-B6C5-90190DBEC5A0}\ProgID</key>
        <name>@</name>
        <data>SASMDX.Server.1.1</data>
        <type>REG_SZ</type>
    </editWindowsRegistry>
    <editWindowsRegistry action="setValue32">
        <hive>HKEY_CLASSES_ROOT</hive>
        <key>CLSID\{964EE099-8B76-43D6-B6C5-90190DBEC5A0}\VersionIndependentProgID</key>
        <name>@</name>
        <data>SASMDX.Server</data>
        <type>REG_SZ</type>
    </editWindowsRegistry>
    <editWindowsRegistry action="setValue32">
        <hive>HKEY_CLASSES_ROOT</hive>
        <key>CLSID\{964EE099-8B76-43D6-B6C5-90190DBEC5A0}\TypeLib</key>
        <name>@</name>
        <data>{F534C420-1D65-11D5-87C2-00C04F38F9F6}</data>
        <type>REG_SZ</type>
    </editWindowsRegistry>
    <editWindowsRegistry action="setValue32">
        <hive>HKEY_CLASSES_ROOT</hive>
        <key>CLSID\{964EE099-8B76-43D6-B6C5-90190DBEC5A0}\Version</key>
        <name>@</name>
        <data>1.4</data>
        <type>REG_SZ</type>
    </editWindowsRegistry>
    <editWindowsRegistry action="setValue32">
        <hive>HKEY_CLASSES_ROOT</hive>
        <key>SASMDX.Server.1.2</key>
        <name>@</name>
        <data>SASMDX Server (Ver 1.2)</data>
        <type>REG_SZ</type>
    </editWindowsRegistry>
    <editWindowsRegistry action="setValue32">
        <hive>HKEY_CLASSES_ROOT</hive>
        <key>SASMDX.Server.1.2\CLSID</key>
        <name>@</name>
        <data>{B750CC97-6C4D-4E39-84CE-1A46bE1C6640}</data>
        <type>REG_SZ</type>
    </editWindowsRegistry>
    <editWindowsRegistry action="setValue32">
        <hive>HKEY_CLASSES_ROOT</hive>
        <key>CLSID\{B750CC97-6C4D-4E39-84CE-1A46bE1C6640}</key>
        <name>@</name>
        <data>SASMDX Server (Ver 1.2)</data>
        <type>REG_SZ</type>
    </editWindowsRegistry>
    <editWindowsRegistry action="setValue32">
        <hive>HKEY_CLASSES_ROOT</hive>
        <key>CLSID\{B750CC97-6C4D-4E39-84CE-1A46bE1C6640}\ProgID</key>
        <name>@</name>
        <data>SASMDX.Server.1.2</data>
        <type>REG_SZ</type>
    </editWindowsRegistry>
    <editWindowsRegistry action="setValue32">
        <hive>HKEY_CLASSES_ROOT</hive>
        <key>CLSID\{B750CC97-6C4D-4E39-84CE-1A46bE1C6640}\VersionIndependentProgID</key>
        <name>@</name>
        <data>SASMDX.Server</data>
        <type>REG_SZ</type>
    </editWindowsRegistry>
    <editWindowsRegistry action="setValue32">
        <hive>HKEY_CLASSES_ROOT</hive>
        <key>CLSID\{B750CC97-6C4D-4E39-84CE-1A46bE1C6640}\TypeLib</key>
        <name>@</name>
        <data>{F534C420-1D65-11D5-87C2-00C04F38F9F6}</data>
        <type>REG_SZ</type>
    </editWindowsRegistry>
    <editWindowsRegistry action="setValue32">
        <hive>HKEY_CLASSES_ROOT</hive>
        <key>CLSID\{B750CC97-6C4D-4E39-84CE-1A46bE1C6640}\Version</key>
        <name>@</name>
        <data>1.4</data>
        <type>REG_SZ</type>
    </editWindowsRegistry>
    <editWindowsRegistry action="setValue32">
        <hive>HKEY_CLASSES_ROOT</hive>
        <key>SASMDX.Server</key>
        <name>@</name>
        <data>SASMDX Server</data>
        <type>REG_SZ</type>
    </editWindowsRegistry>
    <editWindowsRegistry action="setValue32">
        <hive>HKEY_CLASSES_ROOT</hive>
        <key>SASMDX.Server\CLSID</key>
        <name>@</name>
        <data>{e8b657f2-add8-456b-a624-5b21682970c4}</data>
        <type>REG_SZ</type>
    </editWindowsRegistry>
    <editWindowsRegistry action="setValue32">
        <hive>HKEY_CLASSES_ROOT</hive>
        <key>SASMDX.Server\CurVer</key>
        <name>@</name>
        <data>SASMDX.Server.1.3</data>
        <type>REG_SZ</type>
    </editWindowsRegistry>
    <editWindowsRegistry action="setValue32">
        <hive>HKEY_CLASSES_ROOT</hive>
        <key>SASMDX.Server.1</key>
        <name>@</name>
        <data>SASMDX Server (Ver 1.3)</data>
        <type>REG_SZ</type>
    </editWindowsRegistry>
    <editWindowsRegistry action="setValue32">
        <hive>HKEY_CLASSES_ROOT</hive>
        <key>SASMDX.Server.1\CLSID</key>
        <name>@</name>
        <data>{e8b657f2-add8-456b-a624-5b21682970c4}</data>
        <type>REG_SZ</type>
    </editWindowsRegistry>
    <editWindowsRegistry action="setValue32">
        <hive>HKEY_CLASSES_ROOT</hive>
        <key>SASMDX.Server.1.3</key>
        <name>@</name>
        <data>SASMDX Server (Ver 1.3)</data>
        <type>REG_SZ</type>
    </editWindowsRegistry>
    <editWindowsRegistry action="setValue32">
        <hive>HKEY_CLASSES_ROOT</hive>
        <key>SASMDX.Server.1.3\CLSID</key>
        <name>@</name>
        <data>{e8b657f2-add8-456b-a624-5b21682970c4}</data>
        <type>REG_SZ</type>
    </editWindowsRegistry>
    <editWindowsRegistry action="setValue32">
        <hive>HKEY_CLASSES_ROOT</hive>
        <key>CLSID\{e8b657f2-add8-456b-a624-5b21682970c4}</key>
        <name>@</name>
        <data>SASMDX Server (Ver 1.3)</data>
        <type>REG_SZ</type>
    </editWindowsRegistry>
    <editWindowsRegistry action="setValue32">
        <hive>HKEY_CLASSES_ROOT</hive>
        <key>CLSID\{e8b657f2-add8-456b-a624-5b21682970c4}\ProgID</key>
        <name>@</name>
        <data>SASMDX.Server.1.3</data>
        <type>REG_SZ</type>
    </editWindowsRegistry>
    <editWindowsRegistry action="setValue32">
        <hive>HKEY_CLASSES_ROOT</hive>
        <key>CLSID\{e8b657f2-add8-456b-a624-5b21682970c4}\VersionIndependentProgID</key>
        <name>@</name>
        <data>SASMDX.Server</data>
        <type>REG_SZ</type>
    </editWindowsRegistry>
    <editWindowsRegistry action="setValue32">
        <hive>HKEY_CLASSES_ROOT</hive>
        <key>CLSID\{e8b657f2-add8-456b-a624-5b21682970c4}\TypeLib</key>
        <name>@</name>
        <data>{F534C420-1D65-11D5-87C2-00C04F38F9F6}</data>
        <type>REG_SZ</type>
    </editWindowsRegistry>
    <editWindowsRegistry action="setValue32">
        <hive>HKEY_CLASSES_ROOT</hive>
        <key>CLSID\{e8b657f2-add8-456b-a624-5b21682970c4}\Version</key>
        <name>@</name>
        <data>1.4</data>
        <type>REG_SZ</type>
    </editWindowsRegistry>
    <editWindowsRegistry action="setValue32">
        <hive>HKEY_CLASSES_ROOT</hive>
        <key>ObjectSpawner.ObjectSpawner.1.0</key>
        <name>@</name>
        <data>ObjectSpawner ObjectSpawner (Ver 1.0)</data>
        <type>REG_SZ</type>
    </editWindowsRegistry>
    <editWindowsRegistry action="setValue32">
        <hive>HKEY_CLASSES_ROOT</hive>
        <key>ObjectSpawner.ObjectSpawner.1.0\CLSID</key>
        <name>@</name>
        <data>{0E3B1810-6646-11D5-8863-00C04F48BC53}</data>
        <type>REG_SZ</type>
    </editWindowsRegistry>
    <editWindowsRegistry action="setValue32">
        <hive>HKEY_CLASSES_ROOT</hive>
        <key>CLSID\{0E3B1810-6646-11D5-8863-00C04F48BC53}</key>
        <name>@</name>
        <data>ObjectSpawner ObjectSpawner (Ver 1.0)</data>
        <type>REG_SZ</type>
    </editWindowsRegistry>
    <editWindowsRegistry action="setValue32">
        <hive>HKEY_CLASSES_ROOT</hive>
        <key>CLSID\{0E3B1810-6646-11D5-8863-00C04F48BC53}\ProgID</key>
        <name>@</name>
        <data>ObjectSpawner.ObjectSpawner.1.0</data>
        <type>REG_SZ</type>
    </editWindowsRegistry>
    <editWindowsRegistry action="setValue32">
        <hive>HKEY_CLASSES_ROOT</hive>
        <key>CLSID\{0E3B1810-6646-11D5-8863-00C04F48BC53}\VersionIndependentProgID</key>
        <name>@</name>
        <data>ObjectSpawner.ObjectSpawner</data>
        <type>REG_SZ</type>
    </editWindowsRegistry>
    <editWindowsRegistry action="setValue32">
        <hive>HKEY_CLASSES_ROOT</hive>
        <key>CLSID\{0E3B1810-6646-11D5-8863-00C04F48BC53}\TypeLib</key>
        <name>@</name>
        <data>{B82CABC0-E34A-4E83-909F-D85E56C536EA}</data>
        <type>REG_SZ</type>
    </editWindowsRegistry>
    <editWindowsRegistry action="setValue32">
        <hive>HKEY_CLASSES_ROOT</hive>
        <key>CLSID\{0E3B1810-6646-11D5-8863-00C04F48BC53}\Version</key>
        <name>@</name>
        <data>1.3</data>
        <type>REG_SZ</type>
    </editWindowsRegistry>
    <editWindowsRegistry action="setValue32">
        <hive>HKEY_CLASSES_ROOT</hive>
        <key>ObjectSpawner.ObjectSpawner.1.1</key>
        <name>@</name>
        <data>ObjectSpawner ObjectSpawner (Ver 1.1)</data>
        <type>REG_SZ</type>
    </editWindowsRegistry>
    <editWindowsRegistry action="setValue32">
        <hive>HKEY_CLASSES_ROOT</hive>
        <key>ObjectSpawner.ObjectSpawner.1.1\CLSID</key>
        <name>@</name>
        <data>{6A829631-BE4A-4CFF-82F6-B378705DF34C}</data>
        <type>REG_SZ</type>
    </editWindowsRegistry>
    <editWindowsRegistry action="setValue32">
        <hive>HKEY_CLASSES_ROOT</hive>
        <key>CLSID\{6A829631-BE4A-4CFF-82F6-B378705DF34C}</key>
        <name>@</name>
        <data>ObjectSpawner ObjectSpawner (Ver 1.1)</data>
        <type>REG_SZ</type>
    </editWindowsRegistry>
    <editWindowsRegistry action="setValue32">
        <hive>HKEY_CLASSES_ROOT</hive>
        <key>CLSID\{6A829631-BE4A-4CFF-82F6-B378705DF34C}\ProgID</key>
        <name>@</name>
        <data>ObjectSpawner.ObjectSpawner.1.1</data>
        <type>REG_SZ</type>
    </editWindowsRegistry>
    <editWindowsRegistry action="setValue32">
        <hive>HKEY_CLASSES_ROOT</hive>
        <key>CLSID\{6A829631-BE4A-4CFF-82F6-B378705DF34C}\VersionIndependentProgID</key>
        <name>@</name>
        <data>ObjectSpawner.ObjectSpawner</data>
        <type>REG_SZ</type>
    </editWindowsRegistry>
    <editWindowsRegistry action="setValue32">
        <hive>HKEY_CLASSES_ROOT</hive>
        <key>CLSID\{6A829631-BE4A-4CFF-82F6-B378705DF34C}\TypeLib</key>
        <name>@</name>
        <data>{B82CABC0-E34A-4E83-909F-D85E56C536EA}</data>
        <type>REG_SZ</type>
    </editWindowsRegistry>
    <editWindowsRegistry action="setValue32">
        <hive>HKEY_CLASSES_ROOT</hive>
        <key>CLSID\{6A829631-BE4A-4CFF-82F6-B378705DF34C}\Version</key>
        <name>@</name>
        <data>1.3</data>
        <type>REG_SZ</type>
    </editWindowsRegistry>
    <editWindowsRegistry action="setValue32">
        <hive>HKEY_CLASSES_ROOT</hive>
        <key>ObjectSpawner.ObjectSpawner.1.2</key>
        <name>@</name>
        <data>ObjectSpawner ObjectSpawner (Ver 1.2)</data>
        <type>REG_SZ</type>
    </editWindowsRegistry>
    <editWindowsRegistry action="setValue32">
        <hive>HKEY_CLASSES_ROOT</hive>
        <key>ObjectSpawner.ObjectSpawner.1.2\CLSID</key>
        <name>@</name>
        <data>{567D1038-4CFD-4F0A-82A5-B860113B750C}</data>
        <type>REG_SZ</type>
    </editWindowsRegistry>
    <editWindowsRegistry action="setValue32">
        <hive>HKEY_CLASSES_ROOT</hive>
        <key>CLSID\{567D1038-4CFD-4F0A-82A5-B860113B750C}</key>
        <name>@</name>
        <data>ObjectSpawner ObjectSpawner (Ver 1.2)</data>
        <type>REG_SZ</type>
    </editWindowsRegistry>
    <editWindowsRegistry action="setValue32">
        <hive>HKEY_CLASSES_ROOT</hive>
        <key>CLSID\{567D1038-4CFD-4F0A-82A5-B860113B750C}\ProgID</key>
        <name>@</name>
        <data>ObjectSpawner.ObjectSpawner.1.2</data>
        <type>REG_SZ</type>
    </editWindowsRegistry>
    <editWindowsRegistry action="setValue32">
        <hive>HKEY_CLASSES_ROOT</hive>
        <key>CLSID\{567D1038-4CFD-4F0A-82A5-B860113B750C}\VersionIndependentProgID</key>
        <name>@</name>
        <data>ObjectSpawner.ObjectSpawner</data>
        <type>REG_SZ</type>
    </editWindowsRegistry>
    <editWindowsRegistry action="setValue32">
        <hive>HKEY_CLASSES_ROOT</hive>
        <key>CLSID\{567D1038-4CFD-4F0A-82A5-B860113B750C}\TypeLib</key>
        <name>@</name>
        <data>{B82CABC0-E34A-4E83-909F-D85E56C536EA}</data>
        <type>REG_SZ</type>
    </editWindowsRegistry>
    <editWindowsRegistry action="setValue32">
        <hive>HKEY_CLASSES_ROOT</hive>
        <key>CLSID\{567D1038-4CFD-4F0A-82A5-B860113B750C}\Version</key>
        <name>@</name>
        <data>1.3</data>
        <type>REG_SZ</type>
    </editWindowsRegistry>
    <editWindowsRegistry action="setValue32">
        <hive>HKEY_CLASSES_ROOT</hive>
        <key>ObjectSpawner.ObjectSpawner</key>
        <name>@</name>
        <data>ObjectSpawner ObjectSpawner</data>
        <type>REG_SZ</type>
    </editWindowsRegistry>
    <editWindowsRegistry action="setValue32">
        <hive>HKEY_CLASSES_ROOT</hive>
        <key>ObjectSpawner.ObjectSpawner\CLSID</key>
        <name>@</name>
        <data>{F5787C09-7C22-42F3-9685-22956B8F7EF8}</data>
        <type>REG_SZ</type>
    </editWindowsRegistry>
    <editWindowsRegistry action="setValue32">
        <hive>HKEY_CLASSES_ROOT</hive>
        <key>ObjectSpawner.ObjectSpawner\CurVer</key>
        <name>@</name>
        <data>ObjectSpawner.ObjectSpawner.1.3</data>
        <type>REG_SZ</type>
    </editWindowsRegistry>
    <editWindowsRegistry action="setValue32">
        <hive>HKEY_CLASSES_ROOT</hive>
        <key>ObjectSpawner.ObjectSpawner.1</key>
        <name>@</name>
        <data>ObjectSpawner ObjectSpawner (Ver 1.3)</data>
        <type>REG_SZ</type>
    </editWindowsRegistry>
    <editWindowsRegistry action="setValue32">
        <hive>HKEY_CLASSES_ROOT</hive>
        <key>ObjectSpawner.ObjectSpawner.1\CLSID</key>
        <name>@</name>
        <data>{F5787C09-7C22-42F3-9685-22956B8F7EF8}</data>
        <type>REG_SZ</type>
    </editWindowsRegistry>
    <editWindowsRegistry action="setValue32">
        <hive>HKEY_CLASSES_ROOT</hive>
        <key>ObjectSpawner.ObjectSpawner.1.3</key>
        <name>@</name>
        <data>ObjectSpawner ObjectSpawner (Ver 1.3)</data>
        <type>REG_SZ</type>
    </editWindowsRegistry>
    <editWindowsRegistry action="setValue32">
        <hive>HKEY_CLASSES_ROOT</hive>
        <key>ObjectSpawner.ObjectSpawner.1.3\CLSID</key>
        <name>@</name>
        <data>{F5787C09-7C22-42F3-9685-22956B8F7EF8}</data>
        <type>REG_SZ</type>
    </editWindowsRegistry>
    <editWindowsRegistry action="setValue32">
        <hive>HKEY_CLASSES_ROOT</hive>
        <key>CLSID\{F5787C09-7C22-42F3-9685-22956B8F7EF8}</key>
        <name>@</name>
        <data>ObjectSpawner ObjectSpawner (Ver 1.3)</data>
        <type>REG_SZ</type>
    </editWindowsRegistry>
    <editWindowsRegistry action="setValue32">
        <hive>HKEY_CLASSES_ROOT</hive>
        <key>CLSID\{F5787C09-7C22-42F3-9685-22956B8F7EF8}\ProgID</key>
        <name>@</name>
        <data>ObjectSpawner.ObjectSpawner.1.3</data>
        <type>REG_SZ</type>
    </editWindowsRegistry>
    <editWindowsRegistry action="setValue32">
        <hive>HKEY_CLASSES_ROOT</hive>
        <key>CLSID\{F5787C09-7C22-42F3-9685-22956B8F7EF8}\VersionIndependentProgID</key>
        <name>@</name>
        <data>ObjectSpawner.ObjectSpawner</data>
        <type>REG_SZ</type>
    </editWindowsRegistry>
    <editWindowsRegistry action="setValue32">
        <hive>HKEY_CLASSES_ROOT</hive>
        <key>CLSID\{F5787C09-7C22-42F3-9685-22956B8F7EF8}\TypeLib</key>
        <name>@</name>
        <data>{B82CABC0-E34A-4E83-909F-D85E56C536EA}</data>
        <type>REG_SZ</type>
    </editWindowsRegistry>
    <editWindowsRegistry action="setValue32">
        <hive>HKEY_CLASSES_ROOT</hive>
        <key>CLSID\{F5787C09-7C22-42F3-9685-22956B8F7EF8}\Version</key>
        <name>@</name>
        <data>1.3</data>
        <type>REG_SZ</type>
    </editWindowsRegistry>
    <editWindowsRegistry action="setValue32">
        <hive>HKEY_CLASSES_ROOT</hive>
        <key>SASOLAP.OLAP</key>
        <name>@</name>
        <data>SASOLAP OLAP</data>
        <type>REG_SZ</type>
    </editWindowsRegistry>
    <editWindowsRegistry action="setValue32">
        <hive>HKEY_CLASSES_ROOT</hive>
        <key>SASOLAP.OLAP\CLSID</key>
        <name>@</name>
        <data>{0ADE178A-6A1D-11D4-8349-00B0D0292DCA}</data>
        <type>REG_SZ</type>
    </editWindowsRegistry>
    <editWindowsRegistry action="setValue32">
        <hive>HKEY_CLASSES_ROOT</hive>
        <key>SASOLAP.OLAP\CurVer</key>
        <name>@</name>
        <data>SASOLAP.OLAP.1.1</data>
        <type>REG_SZ</type>
    </editWindowsRegistry>
    <editWindowsRegistry action="setValue32">
        <hive>HKEY_CLASSES_ROOT</hive>
        <key>SASOLAP.OLAP.1</key>
        <name>@</name>
        <data>SASOLAP OLAP (Ver 1.1)</data>
        <type>REG_SZ</type>
    </editWindowsRegistry>
    <editWindowsRegistry action="setValue32">
        <hive>HKEY_CLASSES_ROOT</hive>
        <key>SASOLAP.OLAP.1\CLSID</key>
        <name>@</name>
        <data>{0ADE178A-6A1D-11D4-8349-00B0D0292DCA}</data>
        <type>REG_SZ</type>
    </editWindowsRegistry>
    <editWindowsRegistry action="setValue32">
        <hive>HKEY_CLASSES_ROOT</hive>
        <key>SASOLAP.OLAP.1.1</key>
        <name>@</name>
        <data>SASOLAP OLAP (Ver 1.1)</data>
        <type>REG_SZ</type>
    </editWindowsRegistry>
    <editWindowsRegistry action="setValue32">
        <hive>HKEY_CLASSES_ROOT</hive>
        <key>SASOLAP.OLAP.1.1\CLSID</key>
        <name>@</name>
        <data>{0ADE178A-6A1D-11D4-8349-00B0D0292DCA}</data>
        <type>REG_SZ</type>
    </editWindowsRegistry>
    <editWindowsRegistry action="setValue32">
        <hive>HKEY_CLASSES_ROOT</hive>
        <key>CLSID\{0ADE178A-6A1D-11D4-8349-00B0D0292DCA}</key>
        <name>@</name>
        <data>SASOLAP OLAP (Ver 1.1)</data>
        <type>REG_SZ</type>
    </editWindowsRegistry>
    <editWindowsRegistry action="setValue32">
        <hive>HKEY_CLASSES_ROOT</hive>
        <key>CLSID\{0ADE178A-6A1D-11D4-8349-00B0D0292DCA}\ProgID</key>
        <name>@</name>
        <data>SASOLAP.OLAP.1.1</data>
        <type>REG_SZ</type>
    </editWindowsRegistry>
    <editWindowsRegistry action="setValue32">
        <hive>HKEY_CLASSES_ROOT</hive>
        <key>CLSID\{0ADE178A-6A1D-11D4-8349-00B0D0292DCA}\VersionIndependentProgID</key>
        <name>@</name>
        <data>SASOLAP.OLAP</data>
        <type>REG_SZ</type>
    </editWindowsRegistry>
    <editWindowsRegistry action="setValue32">
        <hive>HKEY_CLASSES_ROOT</hive>
        <key>CLSID\{0ADE178A-6A1D-11D4-8349-00B0D0292DCA}\TypeLib</key>
        <name>@</name>
        <data>{1A00F9E0-5C69-11D2-B94B-00C04F81993C}</data>
        <type>REG_SZ</type>
    </editWindowsRegistry>
    <editWindowsRegistry action="setValue32">
        <hive>HKEY_CLASSES_ROOT</hive>
        <key>CLSID\{0ADE178A-6A1D-11D4-8349-00B0D0292DCA}\Version</key>
        <name>@</name>
        <data>1.1</data>
        <type>REG_SZ</type>
    </editWindowsRegistry>
    <editWindowsRegistry action="setValue32">
        <hive>HKEY_CLASSES_ROOT</hive>
        <key>SASOMI.OMI.1.0</key>
        <name>@</name>
        <data>SASOMI OMI (Ver 1.0)</data>
        <type>REG_SZ</type>
    </editWindowsRegistry>
    <editWindowsRegistry action="setValue32">
        <hive>HKEY_CLASSES_ROOT</hive>
        <key>SASOMI.OMI.1.0\CLSID</key>
        <name>@</name>
        <data>{0217E202-B560-11DB-AD91-001083FF6836}</data>
        <type>REG_SZ</type>
    </editWindowsRegistry>
    <editWindowsRegistry action="setValue32">
        <hive>HKEY_CLASSES_ROOT</hive>
        <key>CLSID\{0217E202-B560-11DB-AD91-001083FF6836}</key>
        <name>@</name>
        <data>SASOMI OMI (Ver 1.0)</data>
        <type>REG_SZ</type>
    </editWindowsRegistry>
    <editWindowsRegistry action="setValue32">
        <hive>HKEY_CLASSES_ROOT</hive>
        <key>CLSID\{0217E202-B560-11DB-AD91-001083FF6836}\ProgID</key>
        <name>@</name>
        <data>SASOMI.OMI.1.0</data>
        <type>REG_SZ</type>
    </editWindowsRegistry>
    <editWindowsRegistry action="setValue32">
        <hive>HKEY_CLASSES_ROOT</hive>
        <key>CLSID\{0217E202-B560-11DB-AD91-001083FF6836}\VersionIndependentProgID</key>
        <name>@</name>
        <data>SASOMI.OMI</data>
        <type>REG_SZ</type>
    </editWindowsRegistry>
    <editWindowsRegistry action="setValue32">
        <hive>HKEY_CLASSES_ROOT</hive>
        <key>CLSID\{0217E202-B560-11DB-AD91-001083FF6836}\TypeLib</key>
        <name>@</name>
        <data>{2887E7D6-4780-11D4-879F-00C04F38F0DB}</data>
        <type>REG_SZ</type>
    </editWindowsRegistry>
    <editWindowsRegistry action="setValue32">
        <hive>HKEY_CLASSES_ROOT</hive>
        <key>CLSID\{0217E202-B560-11DB-AD91-001083FF6836}\Version</key>
        <name>@</name>
        <data>1.4</data>
        <type>REG_SZ</type>
    </editWindowsRegistry>
    <editWindowsRegistry action="setValue32">
        <hive>HKEY_CLASSES_ROOT</hive>
        <key>SASOMI.OMI.1.1</key>
        <name>@</name>
        <data>SASOMI OMI (Ver 1.1)</data>
        <type>REG_SZ</type>
    </editWindowsRegistry>
    <editWindowsRegistry action="setValue32">
        <hive>HKEY_CLASSES_ROOT</hive>
        <key>SASOMI.OMI.1.1\CLSID</key>
        <name>@</name>
        <data>{04c80877-fbed-4a5d-929d-92a16a1edbe4}</data>
        <type>REG_SZ</type>
    </editWindowsRegistry>
    <editWindowsRegistry action="setValue32">
        <hive>HKEY_CLASSES_ROOT</hive>
        <key>CLSID\{04c80877-fbed-4a5d-929d-92a16a1edbe4}</key>
        <name>@</name>
        <data>SASOMI OMI (Ver 1.1)</data>
        <type>REG_SZ</type>
    </editWindowsRegistry>
    <editWindowsRegistry action="setValue32">
        <hive>HKEY_CLASSES_ROOT</hive>
        <key>CLSID\{04c80877-fbed-4a5d-929d-92a16a1edbe4}\ProgID</key>
        <name>@</name>
        <data>SASOMI.OMI.1.1</data>
        <type>REG_SZ</type>
    </editWindowsRegistry>
    <editWindowsRegistry action="setValue32">
        <hive>HKEY_CLASSES_ROOT</hive>
        <key>CLSID\{04c80877-fbed-4a5d-929d-92a16a1edbe4}\VersionIndependentProgID</key>
        <name>@</name>
        <data>SASOMI.OMI</data>
        <type>REG_SZ</type>
    </editWindowsRegistry>
    <editWindowsRegistry action="setValue32">
        <hive>HKEY_CLASSES_ROOT</hive>
        <key>CLSID\{04c80877-fbed-4a5d-929d-92a16a1edbe4}\TypeLib</key>
        <name>@</name>
        <data>{2887E7D6-4780-11D4-879F-00C04F38F0DB}</data>
        <type>REG_SZ</type>
    </editWindowsRegistry>
    <editWindowsRegistry action="setValue32">
        <hive>HKEY_CLASSES_ROOT</hive>
        <key>CLSID\{04c80877-fbed-4a5d-929d-92a16a1edbe4}\Version</key>
        <name>@</name>
        <data>1.4</data>
        <type>REG_SZ</type>
    </editWindowsRegistry>
    <editWindowsRegistry action="setValue32">
        <hive>HKEY_CLASSES_ROOT</hive>
        <key>SASOMI.OMI</key>
        <name>@</name>
        <data>SASOMI OMI</data>
        <type>REG_SZ</type>
    </editWindowsRegistry>
    <editWindowsRegistry action="setValue32">
        <hive>HKEY_CLASSES_ROOT</hive>
        <key>SASOMI.OMI\CLSID</key>
        <name>@</name>
        <data>{a4c40474-fbed-4a5d-929d-92a16a1edbe4}</data>
        <type>REG_SZ</type>
    </editWindowsRegistry>
    <editWindowsRegistry action="setValue32">
        <hive>HKEY_CLASSES_ROOT</hive>
        <key>SASOMI.OMI\CurVer</key>
        <name>@</name>
        <data>SASOMI.OMI.1.2</data>
        <type>REG_SZ</type>
    </editWindowsRegistry>
    <editWindowsRegistry action="setValue32">
        <hive>HKEY_CLASSES_ROOT</hive>
        <key>SASOMI.OMI.1</key>
        <name>@</name>
        <data>SASOMI OMI (Ver 1.2)</data>
        <type>REG_SZ</type>
    </editWindowsRegistry>
    <editWindowsRegistry action="setValue32">
        <hive>HKEY_CLASSES_ROOT</hive>
        <key>SASOMI.OMI.1\CLSID</key>
        <name>@</name>
        <data>{a4c40474-fbed-4a5d-929d-92a16a1edbe4}</data>
        <type>REG_SZ</type>
    </editWindowsRegistry>
    <editWindowsRegistry action="setValue32">
        <hive>HKEY_CLASSES_ROOT</hive>
        <key>SASOMI.OMI.1.2</key>
        <name>@</name>
        <data>SASOMI OMI (Ver 1.2)</data>
        <type>REG_SZ</type>
    </editWindowsRegistry>
    <editWindowsRegistry action="setValue32">
        <hive>HKEY_CLASSES_ROOT</hive>
        <key>SASOMI.OMI.1.2\CLSID</key>
        <name>@</name>
        <data>{a4c40474-fbed-4a5d-929d-92a16a1edbe4}</data>
        <type>REG_SZ</type>
    </editWindowsRegistry>
    <editWindowsRegistry action="setValue32">
        <hive>HKEY_CLASSES_ROOT</hive>
        <key>CLSID\{a4c40474-fbed-4a5d-929d-92a16a1edbe4}</key>
        <name>@</name>
        <data>SASOMI OMI (Ver 1.2)</data>
        <type>REG_SZ</type>
    </editWindowsRegistry>
    <editWindowsRegistry action="setValue32">
        <hive>HKEY_CLASSES_ROOT</hive>
        <key>CLSID\{a4c40474-fbed-4a5d-929d-92a16a1edbe4}\ProgID</key>
        <name>@</name>
        <data>SASOMI.OMI.1.2</data>
        <type>REG_SZ</type>
    </editWindowsRegistry>
    <editWindowsRegistry action="setValue32">
        <hive>HKEY_CLASSES_ROOT</hive>
        <key>CLSID\{a4c40474-fbed-4a5d-929d-92a16a1edbe4}\VersionIndependentProgID</key>
        <name>@</name>
        <data>SASOMI.OMI</data>
        <type>REG_SZ</type>
    </editWindowsRegistry>
    <editWindowsRegistry action="setValue32">
        <hive>HKEY_CLASSES_ROOT</hive>
        <key>CLSID\{a4c40474-fbed-4a5d-929d-92a16a1edbe4}\TypeLib</key>
        <name>@</name>
        <data>{2887E7D6-4780-11D4-879F-00C04F38F0DB}</data>
        <type>REG_SZ</type>
    </editWindowsRegistry>
    <editWindowsRegistry action="setValue32">
        <hive>HKEY_CLASSES_ROOT</hive>
        <key>CLSID\{a4c40474-fbed-4a5d-929d-92a16a1edbe4}\Version</key>
        <name>@</name>
        <data>1.4</data>
        <type>REG_SZ</type>
    </editWindowsRegistry>
    <editWindowsRegistry action="setValue32">
        <hive>HKEY_CLASSES_ROOT</hive>
        <key>SASStoredProcess.StoredProcessServer.1.0</key>
        <name>@</name>
        <data>SASStoredProcess StoredProcessServer (Ver 1.0)</data>
        <type>REG_SZ</type>
    </editWindowsRegistry>
    <editWindowsRegistry action="setValue32">
        <hive>HKEY_CLASSES_ROOT</hive>
        <key>SASStoredProcess.StoredProcessServer.1.0\CLSID</key>
        <name>@</name>
        <data>{15931E31-667F-11D5-8804-00C04F35AC8C}</data>
        <type>REG_SZ</type>
    </editWindowsRegistry>
    <editWindowsRegistry action="setValue32">
        <hive>HKEY_CLASSES_ROOT</hive>
        <key>CLSID\{15931E31-667F-11D5-8804-00C04F35AC8C}</key>
        <name>@</name>
        <data>SASStoredProcess StoredProcessServer (Ver 1.0)</data>
        <type>REG_SZ</type>
    </editWindowsRegistry>
    <editWindowsRegistry action="setValue32">
        <hive>HKEY_CLASSES_ROOT</hive>
        <key>CLSID\{15931E31-667F-11D5-8804-00C04F35AC8C}\ProgID</key>
        <name>@</name>
        <data>SASStoredProcess.StoredProcessServer.1.0</data>
        <type>REG_SZ</type>
    </editWindowsRegistry>
    <editWindowsRegistry action="setValue32">
        <hive>HKEY_CLASSES_ROOT</hive>
        <key>CLSID\{15931E31-667F-11D5-8804-00C04F35AC8C}\VersionIndependentProgID</key>
        <name>@</name>
        <data>SASStoredProcess.StoredProcessServer</data>
        <type>REG_SZ</type>
    </editWindowsRegistry>
    <editWindowsRegistry action="setValue32">
        <hive>HKEY_CLASSES_ROOT</hive>
        <key>CLSID\{15931E31-667F-11D5-8804-00C04F35AC8C}\TypeLib</key>
        <name>@</name>
        <data>{15931E28-667F-11D5-8804-00C04F35AC8C}</data>
        <type>REG_SZ</type>
    </editWindowsRegistry>
    <editWindowsRegistry action="setValue32">
        <hive>HKEY_CLASSES_ROOT</hive>
        <key>CLSID\{15931E31-667F-11D5-8804-00C04F35AC8C}\Version</key>
        <name>@</name>
        <data>1.3</data>
        <type>REG_SZ</type>
    </editWindowsRegistry>
    <editWindowsRegistry action="setValue32">
        <hive>HKEY_CLASSES_ROOT</hive>
        <key>SASStoredProcess.StoredProcessServer.1.1</key>
        <name>@</name>
        <data>SASStoredProcess StoredProcessServer (Ver 1.1)</data>
        <type>REG_SZ</type>
    </editWindowsRegistry>
    <editWindowsRegistry action="setValue32">
        <hive>HKEY_CLASSES_ROOT</hive>
        <key>SASStoredProcess.StoredProcessServer.1.1\CLSID</key>
        <name>@</name>
        <data>{305D6B85-136B-42C4-809C-D19D4708EEB5}</data>
        <type>REG_SZ</type>
    </editWindowsRegistry>
    <editWindowsRegistry action="setValue32">
        <hive>HKEY_CLASSES_ROOT</hive>
        <key>CLSID\{305D6B85-136B-42C4-809C-D19D4708EEB5}</key>
        <name>@</name>
        <data>SASStoredProcess StoredProcessServer (Ver 1.1)</data>
        <type>REG_SZ</type>
    </editWindowsRegistry>
    <editWindowsRegistry action="setValue32">
        <hive>HKEY_CLASSES_ROOT</hive>
        <key>CLSID\{305D6B85-136B-42C4-809C-D19D4708EEB5}\ProgID</key>
        <name>@</name>
        <data>SASStoredProcess.StoredProcessServer.1.1</data>
        <type>REG_SZ</type>
    </editWindowsRegistry>
    <editWindowsRegistry action="setValue32">
        <hive>HKEY_CLASSES_ROOT</hive>
        <key>CLSID\{305D6B85-136B-42C4-809C-D19D4708EEB5}\VersionIndependentProgID</key>
        <name>@</name>
        <data>SASStoredProcess.StoredProcessServer</data>
        <type>REG_SZ</type>
    </editWindowsRegistry>
    <editWindowsRegistry action="setValue32">
        <hive>HKEY_CLASSES_ROOT</hive>
        <key>CLSID\{305D6B85-136B-42C4-809C-D19D4708EEB5}\TypeLib</key>
        <name>@</name>
        <data>{15931E28-667F-11D5-8804-00C04F35AC8C}</data>
        <type>REG_SZ</type>
    </editWindowsRegistry>
    <editWindowsRegistry action="setValue32">
        <hive>HKEY_CLASSES_ROOT</hive>
        <key>CLSID\{305D6B85-136B-42C4-809C-D19D4708EEB5}\Version</key>
        <name>@</name>
        <data>1.3</data>
        <type>REG_SZ</type>
    </editWindowsRegistry>
    <editWindowsRegistry action="setValue32">
        <hive>HKEY_CLASSES_ROOT</hive>
        <key>SASStoredProcess.StoredProcessServer.1.2</key>
        <name>@</name>
        <data>SASStoredProcess StoredProcessServer (Ver 1.2)</data>
        <type>REG_SZ</type>
    </editWindowsRegistry>
    <editWindowsRegistry action="setValue32">
        <hive>HKEY_CLASSES_ROOT</hive>
        <key>SASStoredProcess.StoredProcessServer.1.2\CLSID</key>
        <name>@</name>
        <data>{2aab134f-a74c-4e7b-8153-b3cbf7ce1fa5}</data>
        <type>REG_SZ</type>
    </editWindowsRegistry>
    <editWindowsRegistry action="setValue32">
        <hive>HKEY_CLASSES_ROOT</hive>
        <key>CLSID\{2aab134f-a74c-4e7b-8153-b3cbf7ce1fa5}</key>
        <name>@</name>
        <data>SASStoredProcess StoredProcessServer (Ver 1.2)</data>
        <type>REG_SZ</type>
    </editWindowsRegistry>
    <editWindowsRegistry action="setValue32">
        <hive>HKEY_CLASSES_ROOT</hive>
        <key>CLSID\{2aab134f-a74c-4e7b-8153-b3cbf7ce1fa5}\ProgID</key>
        <name>@</name>
        <data>SASStoredProcess.StoredProcessServer.1.2</data>
        <type>REG_SZ</type>
    </editWindowsRegistry>
    <editWindowsRegistry action="setValue32">
        <hive>HKEY_CLASSES_ROOT</hive>
        <key>CLSID\{2aab134f-a74c-4e7b-8153-b3cbf7ce1fa5}\VersionIndependentProgID</key>
        <name>@</name>
        <data>SASStoredProcess.StoredProcessServer</data>
        <type>REG_SZ</type>
    </editWindowsRegistry>
    <editWindowsRegistry action="setValue32">
        <hive>HKEY_CLASSES_ROOT</hive>
        <key>CLSID\{2aab134f-a74c-4e7b-8153-b3cbf7ce1fa5}\TypeLib</key>
        <name>@</name>
        <data>{15931E28-667F-11D5-8804-00C04F35AC8C}</data>
        <type>REG_SZ</type>
    </editWindowsRegistry>
    <editWindowsRegistry action="setValue32">
        <hive>HKEY_CLASSES_ROOT</hive>
        <key>CLSID\{2aab134f-a74c-4e7b-8153-b3cbf7ce1fa5}\Version</key>
        <name>@</name>
        <data>1.3</data>
        <type>REG_SZ</type>
    </editWindowsRegistry>
    <editWindowsRegistry action="setValue32">
        <hive>HKEY_CLASSES_ROOT</hive>
        <key>SASStoredProcess.StoredProcessServer</key>
        <name>@</name>
        <data>SASStoredProcess StoredProcessServer</data>
        <type>REG_SZ</type>
    </editWindowsRegistry>
    <editWindowsRegistry action="setValue32">
        <hive>HKEY_CLASSES_ROOT</hive>
        <key>SASStoredProcess.StoredProcessServer\CLSID</key>
        <name>@</name>
        <data>{d2978fb5-b60b-4210-8343-14808be0a5dc}</data>
        <type>REG_SZ</type>
    </editWindowsRegistry>
    <editWindowsRegistry action="setValue32">
        <hive>HKEY_CLASSES_ROOT</hive>
        <key>SASStoredProcess.StoredProcessServer\CurVer</key>
        <name>@</name>
        <data>SASStoredProcess.StoredProcessServer.1.3</data>
        <type>REG_SZ</type>
    </editWindowsRegistry>
    <editWindowsRegistry action="setValue32">
        <hive>HKEY_CLASSES_ROOT</hive>
        <key>SASStoredProcess.StoredProcessServer.1</key>
        <name>@</name>
        <data>SASStoredProcess StoredProcessServer (Ver 1.3)</data>
        <type>REG_SZ</type>
    </editWindowsRegistry>
    <editWindowsRegistry action="setValue32">
        <hive>HKEY_CLASSES_ROOT</hive>
        <key>SASStoredProcess.StoredProcessServer.1\CLSID</key>
        <name>@</name>
        <data>{d2978fb5-b60b-4210-8343-14808be0a5dc}</data>
        <type>REG_SZ</type>
    </editWindowsRegistry>
    <editWindowsRegistry action="setValue32">
        <hive>HKEY_CLASSES_ROOT</hive>
        <key>SASStoredProcess.StoredProcessServer.1.3</key>
        <name>@</name>
        <data>SASStoredProcess StoredProcessServer (Ver 1.3)</data>
        <type>REG_SZ</type>
    </editWindowsRegistry>
    <editWindowsRegistry action="setValue32">
        <hive>HKEY_CLASSES_ROOT</hive>
        <key>SASStoredProcess.StoredProcessServer.1.3\CLSID</key>
        <name>@</name>
        <data>{d2978fb5-b60b-4210-8343-14808be0a5dc}</data>
        <type>REG_SZ</type>
    </editWindowsRegistry>
    <editWindowsRegistry action="setValue32">
        <hive>HKEY_CLASSES_ROOT</hive>
        <key>CLSID\{d2978fb5-b60b-4210-8343-14808be0a5dc}</key>
        <name>@</name>
        <data>SASStoredProcess StoredProcessServer (Ver 1.3)</data>
        <type>REG_SZ</type>
    </editWindowsRegistry>
    <editWindowsRegistry action="setValue32">
        <hive>HKEY_CLASSES_ROOT</hive>
        <key>CLSID\{d2978fb5-b60b-4210-8343-14808be0a5dc}\ProgID</key>
        <name>@</name>
        <data>SASStoredProcess.StoredProcessServer.1.3</data>
        <type>REG_SZ</type>
    </editWindowsRegistry>
    <editWindowsRegistry action="setValue32">
        <hive>HKEY_CLASSES_ROOT</hive>
        <key>CLSID\{d2978fb5-b60b-4210-8343-14808be0a5dc}\VersionIndependentProgID</key>
        <name>@</name>
        <data>SASStoredProcess.StoredProcessServer</data>
        <type>REG_SZ</type>
    </editWindowsRegistry>
    <editWindowsRegistry action="setValue32">
        <hive>HKEY_CLASSES_ROOT</hive>
        <key>CLSID\{d2978fb5-b60b-4210-8343-14808be0a5dc}\TypeLib</key>
        <name>@</name>
        <data>{15931E28-667F-11D5-8804-00C04F35AC8C}</data>
        <type>REG_SZ</type>
    </editWindowsRegistry>
    <editWindowsRegistry action="setValue32">
        <hive>HKEY_CLASSES_ROOT</hive>
        <key>CLSID\{d2978fb5-b60b-4210-8343-14808be0a5dc}\Version</key>
        <name>@</name>
        <data>1.3</data>
        <type>REG_SZ</type>
    </editWindowsRegistry>
    <editWindowsRegistry action="setValue32">
        <hive>HKEY_CLASSES_ROOT</hive>
        <key>SASTableServer.Server</key>
        <name>@</name>
        <data>SASTableServer Server</data>
        <type>REG_SZ</type>
    </editWindowsRegistry>
    <editWindowsRegistry action="setValue32">
        <hive>HKEY_CLASSES_ROOT</hive>
        <key>SASTableServer.Server\CLSID</key>
        <name>@</name>
        <data>{E803E04B-AAF0-4C74-86A6-F7008AA702DC}</data>
        <type>REG_SZ</type>
    </editWindowsRegistry>
    <editWindowsRegistry action="setValue32">
        <hive>HKEY_CLASSES_ROOT</hive>
        <key>SASTableServer.Server\CurVer</key>
        <name>@</name>
        <data>SASTableServer.Server.1.0</data>
        <type>REG_SZ</type>
    </editWindowsRegistry>
    <editWindowsRegistry action="setValue32">
        <hive>HKEY_CLASSES_ROOT</hive>
        <key>SASTableServer.Server.1</key>
        <name>@</name>
        <data>SASTableServer Server (Ver 1.0)</data>
        <type>REG_SZ</type>
    </editWindowsRegistry>
    <editWindowsRegistry action="setValue32">
        <hive>HKEY_CLASSES_ROOT</hive>
        <key>SASTableServer.Server.1\CLSID</key>
        <name>@</name>
        <data>{E803E04B-AAF0-4C74-86A6-F7008AA702DC}</data>
        <type>REG_SZ</type>
    </editWindowsRegistry>
    <editWindowsRegistry action="setValue32">
        <hive>HKEY_CLASSES_ROOT</hive>
        <key>SASTableServer.Server.1.0</key>
        <name>@</name>
        <data>SASTableServer Server (Ver 1.0)</data>
        <type>REG_SZ</type>
    </editWindowsRegistry>
    <editWindowsRegistry action="setValue32">
        <hive>HKEY_CLASSES_ROOT</hive>
        <key>SASTableServer.Server.1.0\CLSID</key>
        <name>@</name>
        <data>{E803E04B-AAF0-4C74-86A6-F7008AA702DC}</data>
        <type>REG_SZ</type>
    </editWindowsRegistry>
    <editWindowsRegistry action="setValue32">
        <hive>HKEY_CLASSES_ROOT</hive>
        <key>CLSID\{E803E04B-AAF0-4C74-86A6-F7008AA702DC}</key>
        <name>@</name>
        <data>SASTableServer Server (Ver 1.0)</data>
        <type>REG_SZ</type>
    </editWindowsRegistry>
    <editWindowsRegistry action="setValue32">
        <hive>HKEY_CLASSES_ROOT</hive>
        <key>CLSID\{E803E04B-AAF0-4C74-86A6-F7008AA702DC}\ProgID</key>
        <name>@</name>
        <data>SASTableServer.Server.1.0</data>
        <type>REG_SZ</type>
    </editWindowsRegistry>
    <editWindowsRegistry action="setValue32">
        <hive>HKEY_CLASSES_ROOT</hive>
        <key>CLSID\{E803E04B-AAF0-4C74-86A6-F7008AA702DC}\VersionIndependentProgID</key>
        <name>@</name>
        <data>SASTableServer.Server</data>
        <type>REG_SZ</type>
    </editWindowsRegistry>
    <editWindowsRegistry action="setValue32">
        <hive>HKEY_CLASSES_ROOT</hive>
        <key>CLSID\{E803E04B-AAF0-4C74-86A6-F7008AA702DC}\TypeLib</key>
        <name>@</name>
        <data>{8209BE0D-C3F9-4757-870C-83DCFE975E09}</data>
        <type>REG_SZ</type>
    </editWindowsRegistry>
    <editWindowsRegistry action="setValue32">
        <hive>HKEY_CLASSES_ROOT</hive>
        <key>CLSID\{E803E04B-AAF0-4C74-86A6-F7008AA702DC}\Version</key>
        <name>@</name>
        <data>1.2</data>
        <type>REG_SZ</type>
    </editWindowsRegistry>
</uninstallregistrydata>
